logKd,PH,Salinity,Temperature,Water Type
1.56,7.0,0.0,25.0,Freshwater
1.49,7.0,0.0,25.0,Freshwater
1.54,7.0,0.0,25.0,Freshwater
3.21,6.95,0.0026,25.0,Freshwater
2.4,6.95,0.0026,25.0,Freshwater
2.91,6.95,0.0026,25.0,Freshwater
2.1,6.95,0.0026,25.0,Freshwater
1.83,6.95,0.0026,25.0,Freshwater
2.57,6.95,0.0026,25.0,Freshwater
2.67,6.95,0.0026,25.0,Freshwater
3.86,6.95,0.0026,25.0,Freshwater
2.19,6.95,0.0026,25.0,Freshwater
1.72,6.95,0.0026,25.0,Freshwater
2.45,6.95,0.0026,25.0,Freshwater
2.33,6.95,0.0026,25.0,Freshwater
3.52,6.95,0.0026,25.0,Freshwater
2.56,6.95,0.0026,25.0,Freshwater
2.21,6.95,0.0026,25.0,Freshwater
1.96,6.95,0.0026,25.0,Freshwater
2.7,6.95,0.0026,25.0,Freshwater
2.5,6.95,0.0026,25.0,Freshwater
4.77,6.95,0.0026,25.0,Freshwater
2.0,6.95,0.0026,25.0,Freshwater
1.74,6.95,0.0026,25.0,Freshwater
4.91,6.95,0.0026,25.0,Freshwater
2.55,6.95,0.0026,25.0,Freshwater
2.59,6.95,0.0026,25.0,Freshwater
2.13,5.5,0.0,25.0,DI
2.07,5.5,0.0,25.0,DI
1.8,5.5,0.0,25.0,DI
2.07,5.5,0.0,25.0,DI
2.01,5.5,0.0,25.0,DI
1.78,5.5,0.0,25.0,DI
1.89,5.5,0.0,25.0,DI
1.23,6.0,0.0,25.0,DI
0.95,6.0,0.0,25.0,DI
0.93,6.0,0.0,25.0,DI
3.31,6.0,0.0,25.0,DI
2.95,6.0,0.0,25.0,DI
2.9,6.0,0.0,25.0,DI
1.71,7.0,0.0,25.0,DI
1.73,7.1,0.0,25.0,DI
1.76,7.1,0.0,25.0,DI
1.72,6.9,0.0,25.0,DI
2.04,6.7,0.0,25.0,DI
0.94,7.0,0.0,25.0,DI
0.98,7.1,0.0,25.0,DI
1.07,7.1,0.0,25.0,DI
0.9,6.9,0.0,25.0,DI
1.29,6.7,0.0,25.0,DI
0.85,7.0,0.0,25.0,DI
0.89,7.1,0.0,25.0,DI
0.97,7.1,0.0,25.0,DI
0.77,6.9,0.0,25.0,DI
0.92,6.7,0.0,25.0,DI
1.61,6.7,0.0,25.0,DI
0.55,8.0,0.0,25.0,Seawater
0.89,8.0,0.0,25.0,Seawater
0.88,8.0,0.0,25.0,Seawater
0.79,8.0,0.0,25.0,Seawater
0.83,8.0,0.0,25.0,Seawater
0.81,8.0,0.0,25.0,Seawater
0.85,8.0,0.0,25.0,Seawater
0.88,8.0,0.0,25.0,Seawater
0.77,8.0,0.0,25.0,Seawater
0.87,8.0,0.0,25.0,Seawater
0.7,8.0,0.0,25.0,Seawater
5.51,7.0,0.008,20.0,Freshwater
5.45,7.0,0.008,20.0,Freshwater
4.78,7.0,0.008,20.0,Freshwater
4.63,7.0,0.008,20.0,Freshwater
5.63,7.0,0.008,20.0,Freshwater
4.7,7.0,0.008,20.0,Freshwater
5.01,7.0,0.008,20.0,Freshwater
6.04,7.0,0.008,20.0,Freshwater
5.32,7.0,0.008,20.0,Freshwater
7.5,7.0,0.008,20.0,Freshwater
7.27,7.0,0.008,20.0,Freshwater
8.17,7.0,0.008,20.0,Freshwater
8.45,7.0,0.008,20.0,Freshwater
5.27,7.0,0.008,20.0,Freshwater
5.01,7.0,0.008,20.0,Freshwater
7.34,7.0,0.008,20.0,Freshwater
3.51,8.1,0.7,18.0,Seawater
4.69,8.1,0.7,18.0,Seawater
4.99,8.1,0.7,18.0,Seawater
0.99,8.1,0.7,18.0,Seawater
2.67,8.1,0.7,18.0,Seawater
5.0,8.1,0.7,18.0,Seawater
4.42,8.1,0.7,25.0,Seawater
3.85,8.1,0.7,25.0,Seawater
5.41,8.1,0.7,25.0,Seawater
5.5,8.1,0.7,25.0,Seawater
4.74,8.1,0.7,25.0,Seawater
5.93,8.1,0.7,25.0,Seawater
4.75,8.1,0.7,25.0,Seawater
4.24,8.1,0.7,25.0,Seawater
5.63,8.1,0.7,25.0,Seawater
5.55,8.1,0.7,25.0,Seawater
4.75,8.1,0.7,25.0,Seawater
5.86,8.1,0.7,25.0,Seawater
6.37,8.1,0.7,25.0,Seawater
5.46,8.1,0.7,25.0,Seawater
6.65,8.1,0.7,25.0,Seawater
7.15,8.1,0.7,25.0,Seawater
6.05,8.1,0.7,25.0,Seawater
6.94,8.1,0.7,25.0,Seawater
7.85,8.1,0.7,25.0,Seawater
6.95,8.1,0.7,25.0,Seawater
7.54,8.1,0.7,25.0,Seawater
7.59,8.1,0.7,25.0,Seawater
6.64,8.1,0.7,25.0,Seawater
7.17,8.1,0.7,25.0,Seawater
2.39,8.1,0.7,25.0,Seawater
2.64,8.1,0.7,25.0,Seawater
3.21,8.1,0.7,25.0,Seawater
2.02,8.1,0.7,25.0,Seawater
2.13,8.1,0.7,25.0,Seawater
2.65,8.1,0.7,25.0,Seawater
2.31,8.1,0.7,25.0,Seawater
2.53,8.1,0.7,25.0,Seawater
3.3,8.1,0.7,25.0,Seawater
2.06,8.1,0.7,25.0,Seawater
2.18,8.1,0.7,25.0,Seawater
2.82,8.1,0.7,25.0,Seawater
4.61,8.1,0.7,25.0,Seawater
4.45,8.1,0.7,25.0,Seawater
5.12,8.1,0.7,25.0,Seawater
5.2,8.1,0.7,25.0,Seawater
4.96,8.1,0.7,25.0,Seawater
5.3,8.1,0.7,25.0,Seawater
4.56,8.1,0.7,18.0,Seawater
3.29,8.1,0.7,18.0,Seawater
3.36,8.1,0.7,18.0,Seawater
3.37,8.1,0.7,18.0,Seawater
4.9,6.0,0.0,21.0,DI
5.4,6.0,0.0,21.0,DI
5.5,6.0,0.0,21.0,DI
5.9,6.0,0.0,21.0,DI
6.2,6.0,0.0,21.0,DI
6.1,6.0,0.0,21.0,DI
6.4,6.0,0.0,21.0,DI
6.3,6.0,0.0,21.0,DI
6.4,6.0,0.0,21.0,DI
6.6,6.0,0.0,21.0,DI
6.6,6.0,0.0,21.0,DI
6.9,6.0,0.0,21.0,DI
5.0,6.0,0.0,21.0,DI
4.7,6.0,0.0,21.0,DI
5.3,6.0,0.0,21.0,DI
5.2,6.0,0.0,21.0,DI
4.3,6.0,0.0,21.0,DI
4.3,6.0,0.0,21.0,DI
5.083,6.0,0.0,25.0,DI
5.301,6.0,0.0,25.0,DI
4.98,8.1,0.5,12.0,Seawater
5.09,8.1,0.5,12.0,Seawater
5.09,8.1,0.5,12.0,Seawater
5.14,8.1,0.5,12.0,Seawater
5.63,8.1,0.5,12.0,Seawater
5.26,8.1,0.5,12.0,Seawater
5.71,8.1,0.5,12.0,Seawater
5.77,8.1,0.5,12.0,Seawater
5.51,8.1,0.5,12.0,Seawater
5.26,8.1,0.5,12.0,Seawater
5.63,8.1,0.5,12.0,Seawater
5.51,8.1,0.5,12.0,Seawater
6.19,8.1,0.5,12.0,Seawater
6.06,8.1,0.5,12.0,Seawater
6.19,8.1,0.5,12.0,Seawater
5.77,8.1,0.5,12.0,Seawater
4.5,6.0,0.0,25.0,DI
4.21,6.0,0.0,25.0,DI
4.42,6.0,0.0,25.0,DI
2.75,6.0,0.03,25.0,Freshwater
2.45,7.0,0.0,25.0,DI
1.95,7.0,0.0,25.0,DI
2.21,7.0,0.0,25.0,DI
0.08,5.85,0.0,25.0,DI
2.78,5.85,0.0,25.0,DI
0.9,5.85,0.0,25.0,DI
1.27,5.85,0.0,25.0,DI
3.0,5.85,0.0,25.0,DI
1.77,5.85,0.0,25.0,DI
-0.94,7.0,0.0,25.0,DI
-0.14,7.0,0.0,25.0,DI
4.37,7.23,0.0036,25.0,SF
4.37,7.23,0.0036,25.0,F
4.34,7.23,0.0036,25.0,SF
3.9,7.23,0.0036,25.0,F
3.74,7.23,0.0036,25.0,SF
4.06,7.23,0.0036,25.0,F
4.46,7.23,0.0036,25.0,SF
4.6,7.23,0.0036,25.0,F
4.26,7.23,0.0036,25.0,SF
4.66,7.23,0.0036,25.0,F
4.36,7.23,0.0036,25.0,SF
4.43,7.23,0.0036,25.0,F
3.92,7.23,0.0036,25.0,SF
4.24,7.23,0.0036,25.0,F
3.74,7.23,0.0036,25.0,SF
3.94,7.23,0.0036,25.0,F
4.31,7.23,0.0036,25.0,SF
4.44,7.23,0.0036,25.0,F
4.36,7.23,0.0036,25.0,SF
4.65,7.23,0.0036,25.0,F
4.38,7.23,0.0036,25.0,SF
4.65,7.23,0.0036,25.0,F
4.25,7.23,0.0036,25.0,SF
4.78,7.23,0.0036,25.0,F
3.9,7.23,0.0036,25.0,SF
4.21,7.23,0.0036,25.0,F
3.74,7.23,0.0036,25.0,SF
4.08,7.23,0.0036,25.0,F
4.21,7.23,0.0036,25.0,SF
4.45,7.23,0.0036,25.0,F
4.48,7.23,0.0036,25.0,SF
4.61,7.23,0.0036,25.0,F
4.55,7.23,0.0036,25.0,SF
4.64,7.23,0.0036,25.0,F
4.6,7.23,0.0036,25.0,SF
4.81,7.23,0.0036,25.0,F
1.16,8.0,0.0,25.0,DI
1.2,7.9,0.7,25.0,S
1.17,8.0,0.005,25.0,F
1.61,8.0,0.0,25.0,DI
1.48,7.9,0.7,25.0,S
1.39,8.0,0.005,25.0,F
1.16,8.0,0.0,25.0,DI
0.89,7.9,0.7,25.0,S
0.8,8.0,0.005,25.0,F
4.01,7.0,0.0,25.0,DI
3.71,7.0,0.0,25.0,DI
1.18,6.0,0.03,25.0,DI
3.26,6.0,0.03,25.0,DI
3.19,6.0,0.03,25.0,DI
0.76,6.0,0.03,25.0,DI
2.59,6.0,0.03,25.0,DI
3.91,6.0,0.03,25.0,DI
0.86,6.0,0.03,25.0,DI
1.81,6.0,0.03,25.0,DI
0.96,6.0,0.03,25.0,DI
2.1,6.0,0.03,25.0,DI
3.36,6.0,0.03,25.0,DI
3.16,6.0,0.03,25.0,DI
1.67,6.0,0.03,25.0,DI
1.47,6.0,0.03,25.0,DI
2.42,6.0,0.03,25.0,DI
2.23,6.0,0.03,25.0,DI
3.2,6.0,0.03,25.0,DI
2.55,6.0,0.03,25.0,DI
0.66,6.0,0.03,25.0,DI
4.02,6.0,0.03,25.0,DI
3.64,6.0,0.03,25.0,DI
0.83,6.0,0.03,25.0,DI
2.83,6.0,0.03,25.0,DI
3.28,6.0,0.03,25.0,DI
0.25,6.0,0.03,25.0,DI
0.93,6.0,0.03,25.0,DI
2.15,6.0,0.03,25.0,DI
3.22,6.0,0.03,25.0,DI
3.03,6.0,0.03,25.0,DI
1.63,6.0,0.03,25.0,DI
1.45,6.0,0.03,25.0,DI
3.35,6.0,0.03,25.0,DI
2.73,6.0,0.03,25.0,DI
3.29,6.0,0.03,25.0,DI
3.22,6.0,0.03,25.0,DI
2.23,6.0,0.03,25.0,DI
3.88,6.0,0.03,25.0,DI
3.64,6.0,0.03,25.0,DI
3.17,6.0,0.03,25.0,DI
3.11,6.0,0.03,25.0,DI
4.45,6.0,0.03,25.0,DI
2.15,6.0,0.03,25.0,DI
2.3,6.0,0.03,25.0,DI
2.88,6.0,0.03,25.0,DI
3.28,6.0,0.03,25.0,DI
3.78,6.0,0.03,25.0,DI
3.52,6.0,0.03,25.0,DI
3.35,6.0,0.03,25.0,DI
2.4,6.0,0.03,25.0,DI
2.98,6.0,0.03,25.0,DI
2.62,6.0,0.03,25.0,DI
3.78,6.0,0.03,25.0,DI
2.8,6.0,0.03,25.0,DI
2.16,6.0,0.03,25.0,DI
3.93,6.0,0.03,25.0,DI
3.91,6.0,0.03,25.0,DI
2.37,6.0,0.03,25.0,DI
3.29,6.0,0.03,25.0,DI
4.68,6.0,0.03,25.0,DI
2.3,6.0,0.03,25.0,DI
2.29,6.0,0.03,25.0,DI
3.0,6.0,0.03,25.0,DI
3.42,6.0,0.03,25.0,DI
3.95,6.0,0.03,25.0,DI
3.7,6.0,0.03,25.0,DI
3.52,6.0,0.03,25.0,DI
2.49,6.0,0.03,25.0,DI
3.16,6.0,0.03,25.0,DI
2.94,6.0,0.03,25.0,DI
4.04,6.0,0.03,25.0,DI
2.97,6.0,0.03,25.0,DI
2.81,7.7,0.7,20.0,S
2.82,7.78,0.022,20.0,F
2.68,7.7,0.7,20.0,S
3.04,7.0,0.0,25.0,DI
1.82,7.0,0.0,25.0,DI
1.13,5.8,0.01,25.0,DI
1.77,5.8,0.01,25.0,DI
3.86,7.0,0.0026,25.0,DI
3.38,7.0,0.0026,25.0,DI
3.37,7.0,0.0026,25.0,DI
2.93,7.0,0.03,20.0,DI
2.44,7.0,0.03,20.0,DI
3.51,8.1,0.7,,S
3.88,8.1,0.7,,S
3.06,8.1,0.7,,S
4.86,8.1,0.7,,S
4.69,8.1,0.7,,S
4.28,8.1,0.7,,S
4.93,8.1,0.7,,S
4.96,8.1,0.7,,S
4.23,7.0,0.0005,25.0,DI
4.42,7.0,0.0005,25.0,DI
4.34,7.0,0.05,25.0,DI
3.26,7.0,,20.0,SF
3.24,7.0,,20.0,SF
3.2,7.0,,20.0,SF
3.18,7.0,,20.0,SF
3.18,7.0,,20.0,SF
2.34,7.0,,20.0,SF
2.3,7.0,,20.0,SF
2.28,7.0,,20.0,SF
2.25,7.0,,20.0,SF
2.25,7.0,,20.0,SF
2.32,7.0,,20.0,SF
2.26,7.0,,20.0,SF
2.23,7.0,,20.0,SF
2.19,7.0,,20.0,SF
2.19,7.0,,20.0,SF
1.5,6.5,0.01,25.0,DI
2.87,6.0,0.0,25.0,DI
2.33,6.0,0.0,25.0,DI
2.33,6.0,0.0,25.0,DI
2.08,6.0,0.0,25.0,DI
2.09,6.0,0.0,25.0,DI
1.05,6.0,0.0,25.0,DI
1.64,6.5,0.01,25.0,DI
2.65,6.5,0.01,25.0,DI
4.01,7.0,0.03,25.0,DI
4.79,7.1,0.0,25.0,DI
3.37,7.1,0.0,25.0,DI
2.91,7.1,0.0,25.0,DI
2.05,7.1,0.0,25.0,DI
1.64,7.1,0.0,25.0,DI
1.62,7.1,0.0,25.0,DI
1.45,7.1,0.0,25.0,DI
1.39,7.1,0.0,25.0,DI
1.15,7.1,0.0,25.0,DI
1.2,7.1,0.0,25.0,DI
0.9,6.0,0.0,25.0,DI
2.9,6.0,0.0,25.0,DI
0.95,6.0,0.0,25.0,DI
2.95,6.0,0.0,25.0,DI
1.23,6.0,0.0,25.0,DI
3.31,6.0,0.0,25.0,DI
2.13,5.5,0.0,25.0,DI
2.07,5.5,0.0,25.0,DI
1.8,5.5,0.0,25.0,DI
2.07,5.5,0.0,25.0,DI
2.01,5.5,0.0,25.0,DI
1.78,5.5,0.0,25.0,DI
1.89,5.5,0.0,25.0,DI
1.31,7.0,0.01,25.0,SF
1.22,7.8,0.0,25.0,F
0.96,7.0,0.01,25.0,SF
1.21,7.8,0.0,25.0,F
0.81,7.0,0.01,25.0,SF
0.93,7.8,0.0,25.0,F
0.72,7.0,0.01,25.0,SF
0.84,7.8,0.0,25.0,F
1.11,7.1,0.0,25.0,DI
0.87,7.1,0.0,25.0,DI
1.15,7.1,0.0,25.0,DI
0.3,7.1,0.0,25.0,DI
1.28,7.1,0.0,25.0,DI
-0.25,7.1,0.0,25.0,DI
4.94,7.1,0.0,25.0,DI
0.19,7.1,0.0,25.0,DI
0.68,7.1,0.0,25.0,DI
3.06,7.1,0.0,25.0,DI
2.93,6.0,0.0,25.0,DI
1.5,6.0,0.0,25.0,DI
1.65,6.0,0.0,25.0,DI
1.16,6.0,0.0,25.0,DI
2.45,6.0,0.0,25.0,DI
1.51,6.0,0.0,25.0,DI
2.44,6.0,0.0,25.0,DI
0.84,6.0,0.0,25.0,DI
3.13,6.0,0.0,25.0,DI
4.56,8.1,0.7,18.0,S
3.29,8.1,0.7,18.0,S
3.36,8.1,0.7,18.0,S
3.37,8.1,0.7,18.0,S
3.52,6.0,0.0,25.0,DI
3.61,6.0,0.0,25.0,DI
3.62,6.0,0.0,25.0,DI
3.74,6.0,0.0,25.0,DI
4.1,6.0,0.0,25.0,DI
4.2,6.0,0.0,25.0,DI
4.27,6.0,0.0,25.0,DI
1.73,6.0,0.0,25.0,DI
2.15,6.0,0.0,25.0,DI
2.43,6.0,0.0,25.0,DI
2.57,6.0,0.0,25.0,DI
2.84,6.0,0.0,25.0,DI
3.19,6.0,0.0,25.0,DI
3.19,6.0,0.0,25.0,DI
2.35,6.0,0.0,20.0,DI
2.49,6.0,0.0,20.0,DI
2.59,6.0,0.0,20.0,DI
2.75,6.0,0.0,20.0,DI
2.84,6.0,0.0,20.0,DI
2.13,6.0,0.0,20.0,DI
2.33,6.0,0.0,20.0,DI
2.45,6.0,0.0,20.0,DI
1.93,6.0,0.0,20.0,DI
2.28,6.0,0.0,20.0,DI
2.48,6.0,0.0,20.0,DI
4.84,8.0,0.6,25.0,SS
4.17,8.0,0.6,25.0,SS
4.13,8.0,0.6,25.0,SS
3.15,8.0,0.6,25.0,SS
2.82,6.85,0.03,24.0,DI
3.34,6.85,0.03,24.0,DI
3.5,6.85,0.03,24.0,DI
2.34,7.0,0.0,25.0,DI
2.47,7.0,0.0,25.0,DI
3.65,7.23,0.0036,25.0,SF
3.8,7.45,0.0053,25.0,F
3.57,7.23,0.0036,25.0,SF
3.89,7.45,0.0053,25.0,F
4.22,7.23,0.0036,25.0,SF
4.3,7.45,0.0053,25.0,F
4.82,7.23,0.0036,25.0,SF
4.82,7.45,0.0053,25.0,F
3.62,7.23,0.0036,25.0,SF
3.55,7.45,0.0053,25.0,F
3.8,7.23,0.0036,25.0,SF
3.68,7.45,0.0053,25.0,F
4.02,7.23,0.0036,25.0,SF
4.03,7.45,0.0053,25.0,F
4.32,7.23,0.0036,25.0,SF
4.19,7.45,0.0053,25.0,F
3.92,7.23,0.0036,25.0,SF
4.04,7.45,0.0053,25.0,F
4.0,7.23,0.0036,25.0,SF
4.3,7.45,0.0053,25.0,F
4.09,7.23,0.0036,25.0,SF
4.56,7.45,0.0053,25.0,F
4.94,7.23,0.0036,25.0,SF
4.63,7.45,0.0053,25.0,F
4.12,7.23,0.0036,25.0,SF
3.98,7.45,0.0053,25.0,F
3.98,7.23,0.0036,25.0,SF
3.81,7.45,0.0053,25.0,F
4.15,7.23,0.0036,25.0,SF
4.56,7.45,0.0053,25.0,F
5.12,7.23,0.0036,25.0,SF
5.12,7.45,0.0053,25.0,F
4.05,7.23,0.0036,25.0,SF
4.08,7.45,0.0053,25.0,F
4.08,7.23,0.0036,25.0,SF
4.12,7.45,0.0053,25.0,F
4.39,7.23,0.0036,25.0,SF
4.05,7.45,0.0053,25.0,F
4.98,7.23,0.0036,25.0,SF
4.99,7.45,0.0053,25.0,F
3.47,7.23,0.0036,25.0,SF
3.44,7.45,0.0053,25.0,F
3.65,7.23,0.0036,25.0,SF
3.59,7.45,0.0053,25.0,F
3.7,7.23,0.0036,25.0,SF
3.74,7.45,0.0053,25.0,F
3.77,7.23,0.0036,25.0,SF
3.83,7.45,0.0053,25.0,F
2.93,7.23,0.0036,25.0,SF
2.99,7.45,0.0053,25.0,F
2.85,7.23,0.0036,25.0,SF
2.86,7.45,0.0053,25.0,F
2.92,7.23,0.0036,25.0,SF
2.92,7.45,0.0053,25.0,F
3.12,7.23,0.0036,25.0,SF
3.13,7.45,0.0053,25.0,F
3.89,8.1,0.5,25.0,SS
3.65,8.1,0.5,25.0,SS
3.42,8.1,0.5,25.0,SS
3.92,8.1,0.5,25.0,SS
3.89,8.1,0.5,25.0,SS
3.81,8.1,0.5,25.0,SS
3.42,8.1,0.5,25.0,SS
1.76,8.1,0.5,25.0,SS
3.41,8.1,0.5,25.0,SS
3.38,8.1,0.5,25.0,SS
1.53,8.1,0.5,25.0,SS
4.18,7.0,0.0,25.0,DI
2.01,7.0,0.0,25.0,DI
2.55,7.0,0.0,25.0,DI
4.06,7.0,0.0,25.0,DI
1.57,7.0,0.0,25.0,DI
2.87,7.0,0.0,25.0,DI
4.35,7.0,0.0,25.0,DI
2.97,7.0,0.0,25.0,DI
3.06,7.0,0.0,25.0,DI
4.25,7.0,0.0,25.0,DI
3.19,7.0,0.0,25.0,DI
4.05,7.0,0.0,25.0,DI
2.8,7.0,0.0,25.0,DI
2.26,7.0,0.0,25.0,DI
2.79,7.0,0.0,25.0,DI
3.02,8.1,0.6,25.0,SS
2.7,7.0,0.0,25.0,DI
3.06,7.0,0.0,25.0,DI
3.29,8.1,0.6,25.0,SS
3.1,7.0,0.0,25.0,DI
3.02,8.1,0.6,25.0,SS
2.72,7.0,0.0,25.0,DI
2.77,8.1,0.6,25.0,SS
5.18,6.0,0.03,25.0,DI
4.28,6.0,0.03,25.0,DI
2.26,6.0,0.03,25.0,DI
2.81,6.0,0.03,25.0,DI
1.94,6.0,0.03,25.0,DI
5.21,6.0,0.03,25.0,DI
4.56,6.0,0.03,25.0,DI
2.95,6.0,0.03,25.0,DI
2.77,6.0,0.03,25.0,DI
1.82,6.0,0.03,25.0,DI
3.03,6.0,0.03,25.0,DI
3.03,6.0,0.03,25.0,DI
1.95,6.0,0.03,25.0,DI
4.11,6.0,0.03,25.0,DI
2.8,6.0,0.03,25.0,DI
3.27,6.0,0.03,25.0,DI
2.79,6.0,0.03,25.0,DI
3.91,6.0,0.03,25.0,DI
3.95,6.0,0.03,25.0,DI
0.19,7.5,0.03,25.0,DI
0.17,7.5,0.03,25.0,DI
0.14,7.5,0.03,25.0,DI
-0.73,7.5,0.03,25.0,DI
-0.56,7.5,0.03,25.0,DI
1.66,7.5,0.03,25.0,DI
2.39,7.5,0.03,25.0,DI
-0.18,7.5,0.03,25.0,DI
0.12,7.5,0.03,25.0,DI
0.3,7.5,0.03,25.0,DI
-1.02,7.5,0.03,25.0,DI
-0.72,7.5,0.03,25.0,DI
-1.05,7.5,0.03,25.0,DI
0.19,7.5,0.03,25.0,DI
0.33,7.5,0.03,25.0,DI
-0.74,7.5,0.03,25.0,DI
-1.05,7.5,0.03,25.0,DI
0.19,7.5,0.03,25.0,DI
2.29,7.5,0.03,25.0,DI
-0.15,7.5,0.03,25.0,DI
-0.25,7.5,0.03,25.0,DI
0.26,7.5,0.03,25.0,DI
-0.85,7.5,0.03,25.0,DI
-0.85,7.5,0.03,25.0,DI
-0.85,7.5,0.03,25.0,DI
1.35,7.5,0.03,25.0,DI
2.41,7.5,0.03,25.0,DI
2.09,7.0,0.0,25.0,DI
2.36,7.0,0.0,25.0,DI
2.41,7.0,0.0,25.0,DI
1.97,7.0,0.0,25.0,DI
2.45,7.0,0.0,25.0,DI
2.51,7.0,0.0,25.0,DI
2.56,7.0,0.0,25.0,DI
2.67,7.0,0.0,25.0,DI
2.73,7.0,0.0,25.0,DI
2.32,7.0,0.0,25.0,DI
2.59,7.0,0.0,25.0,DI
2.64,7.0,0.0,25.0,DI
2.51,7.0,0.0,25.0,DI
1.46,7.0,0.0,25.0,DI
1.49,7.0,0.0,25.0,DI
1.49,7.0,0.0,25.0,DI
1.59,7.0,0.0,25.0,DI
1.44,7.0,0.0,25.0,DI
2.77,7.0,0.03,25.0,DI
2.95,7.0,0.03,25.0,DI
3.38,7.0,0.03,25.0,DI
3.91,7.0,0.03,25.0,DI
0.85,8.1,0.7,25.0,SS
1.18,6.9,0.03,25.0,SF
3.31,2.0,0.03,25.0,SF
1.12,10.0,0.03,25.0,SF
0.82,8.1,0.7,25.0,SS
1.49,6.9,0.03,25.0,SF
3.44,2.0,0.03,25.0,SF
1.07,10.0,0.03,25.0,SF
0.18,8.1,0.7,25.0,SS
0.63,6.9,0.03,25.0,SF
2.5,2.0,0.03,25.0,SF
0.51,10.0,0.03,25.0,SF
0.92,8.1,0.7,25.0,SS
1.1,6.9,0.03,25.0,SF
3.25,2.0,0.03,25.0,SF
1.07,10.0,0.03,25.0,SF
0.38,8.1,0.7,25.0,SS
1.4,6.9,0.03,25.0,SF
3.45,2.0,0.03,25.0,SF
1.04,10.0,0.03,25.0,SF
-0.24,8.1,0.7,25.0,SS
0.61,6.9,0.03,25.0,SF
2.42,2.0,0.03,25.0,SF
0.09,10.0,0.03,25.0,SF
0.76,8.1,0.7,25.0,SS
0.91,6.9,0.03,25.0,SF
3.16,2.0,0.03,25.0,SF
0.94,10.0,0.03,25.0,SF
0.42,8.1,0.7,25.0,SS
1.47,6.9,0.03,25.0,SF
3.42,2.0,0.03,25.0,SF
1.1,10.0,0.03,25.0,SF
0.23,8.1,0.7,25.0,SS
0.4,6.9,0.03,25.0,SF
2.72,2.0,0.03,25.0,SF
0.87,10.0,0.03,25.0,SF
0.18,8.1,0.7,25.0,SS
0.35,6.9,0.03,25.0,SF
2.74,2.0,0.03,25.0,SF
0.61,10.0,0.03,25.0,SF
0.16,8.1,0.7,25.0,SS
1.04,6.9,0.03,25.0,SF
3.19,2.0,0.03,25.0,SF
0.4,10.0,0.03,25.0,SF
-0.2,8.1,0.7,25.0,SS
0.23,6.9,0.03,25.0,SF
2.13,2.0,0.03,25.0,SF
0.16,10.0,0.03,25.0,SF
3.1,7.0,0.03,25.0,DI
2.36,7.0,0.03,25.0,DI
2.32,7.0,0.03,25.0,DI
3.94,7.0,0.002,23.0,SF
4.09,8.1,0.7,23.0,SS
2.39,7.0,0.002,23.0,SF
2.53,8.1,0.7,23.0,SS
3.87,7.0,0.002,23.0,SF
4.02,8.1,0.7,23.0,SS
-0.04,7.3,0.014,22.0,DI
0.29,7.3,0.014,22.0,DI
0.45,7.3,0.014,22.0,DI
0.77,7.3,0.014,22.0,DI
1.38,7.3,0.014,22.0,DI
1.87,7.3,0.014,22.0,DI
2.25,7.3,0.014,22.0,DI
2.29,7.3,0.014,22.0,DI
2.11,7.3,0.014,22.0,DI
0.57,7.3,0.014,22.0,DI
0.78,7.3,0.014,22.0,DI
0.87,7.3,0.014,22.0,DI
1.15,7.3,0.014,22.0,DI
1.51,7.3,0.014,22.0,DI
1.9,7.3,0.014,22.0,DI
2.23,7.3,0.014,22.0,DI
2.24,7.3,0.014,22.0,DI
2.12,7.3,0.014,22.0,DI
1.03,7.3,0.014,22.0,DI
1.39,7.3,0.014,22.0,DI
1.62,7.3,0.014,22.0,DI
1.57,7.3,0.014,22.0,DI
1.28,7.3,0.014,22.0,DI
0.7,7.3,0.014,22.0,DI
1.16,7.3,0.014,22.0,DI
1.42,7.3,0.014,22.0,DI
1.34,7.3,0.014,22.0,DI
1.04,7.3,0.014,22.0,DI
4.1,7.0,0.0001,25.0,DI
3.8,7.0,0.0001,25.0,DI
4.09,7.0,0.0001,25.0,DI
3.94,7.0,0.0001,25.0,DI
3.82,7.0,0.0001,25.0,DI
3.99,7.0,0.0001,25.0,DI
3.82,7.0,0.0001,25.0,DI
4.02,7.0,0.0001,25.0,DI
3.68,7.0,0.0001,25.0,DI
3.68,7.0,0.0001,25.0,DI
3.46,6.98,0.0,25.0,DI
3.24,6.98,0.0,25.0,DI
4.0,6.98,0.0,25.0,DI
2.89,6.98,0.0,25.0,DI
4.52,6.0,0.0,18.0,DI
3.36,8.1,0.15,18.0,SS
4.71,8.1,0.3,18.0,SS
4.71,8.1,0.45,18.0,SS
4.56,8.1,0.7,18.0,SS
8.51,6.0,0.0,18.0,DI
9.17,8.1,0.15,18.0,SS
8.1,8.1,0.3,18.0,SS
6.44,8.1,0.45,18.0,SS
7.01,8.1,0.7,18.0,SS
5.22,6.0,0.0,18.0,DI
5.56,8.1,0.15,18.0,SS
6.14,8.1,0.3,18.0,SS
7.59,8.1,0.45,18.0,SS
6.3,8.1,0.7,18.0,SS
7.47,6.0,0.0,18.0,DI
8.18,8.1,0.15,18.0,SS
8.1,8.1,0.3,18.0,SS
6.47,8.1,0.45,18.0,SS
9.48,8.1,0.7,18.0,SS
3.38,6.0,0.0,25.0,DI
2.51,6.0,0.0,25.0,DI
4.5,6.0,0.0,25.0,DI
4.52,6.0,0.0,25.0,DI
0.69,7.0,0.0,25.0,DI
0.81,7.0,0.0,25.0,DI
0.89,7.0,0.0,25.0,DI
1.18,7.0,0.0,25.0,DI
2.46,7.0,0.0,25.0,DI
2.27,7.0,0.0,25.0,DI
3.22,7.0,0.0,25.0,DI
2.33,7.0,0.0,25.0,DI
2.03,7.0,0.0,25.0,DI
2.09,7.0,0.0,25.0,DI
2.11,7.0,0.0,25.0,DI
2.76,7.0,0.0,25.0,DI
