logKd,LogKow,E,S,A,B,V
1.56,0.76,2.13,2.53,0.59,1.53,2.0043
1.49,0.76,2.13,2.53,0.59,1.53,2.0043
1.54,0.48,1.89,2.23,0.58,1.29,1.7244
3.21,4.35,2.06,1.29,0.0,0.29,1.4544
2.4,2.36,0.87,1.11,0.0,0.28,1.0315
2.91,3.17,1.34,0.92,0.0,0.2,1.0854
2.1,1.81,0.87,1.11,0.0,0.28,0.8906
1.83,1.63,1.15,1.6,0.0,0.47,1.0648
2.57,2.36,0.87,1.11,0.0,0.28,1.0315
2.67,2.8,0.96,0.82,0.54,0.17,1.0199
3.86,4.57,1.18,0.92,0.0,0.0,1.206
2.19,2.94,1.68,1.79,0.0,1.24,2.1452
1.72,0.64,2.21,2.21,0.86,0.75,1.5757
2.45,2.27,1.28,1.63,0.0,0.42,1.1872
2.33,2.18,1.15,1.58,0.0,0.49,1.2057
3.52,3.17,1.34,0.92,0.0,0.2,1.0854
2.56,2.27,1.28,1.63,0.0,0.42,1.1872
2.21,1.81,0.87,1.11,0.0,0.28,0.8906
1.96,1.63,1.15,1.6,0.0,0.47,1.0648
2.7,2.8,0.96,0.82,0.54,0.17,1.0199
2.5,2.18,1.15,1.58,0.0,0.49,1.2057
4.77,4.57,1.18,0.92,0.0,0.0,1.206
2.0,2.94,1.68,1.79,0.0,1.24,2.1452
1.74,0.64,2.21,2.21,0.86,0.75,1.5757
4.91,4.35,2.06,1.29,0.0,0.29,1.4544
2.55,2.36,0.87,1.11,0.0,0.28,1.0315
2.59,2.36,0.87,1.11,0.0,0.28,1.0315
2.13,-0.18,3.5,3.6,1.35,3.29,3.0992
2.07,-0.18,3.5,3.6,1.35,3.29,3.0992
1.8,-0.18,3.5,3.6,1.35,3.29,3.0992
2.07,-0.18,3.5,3.6,1.35,3.29,3.0992
2.01,-0.18,3.5,3.6,1.35,3.29,3.0992
1.78,-0.18,3.5,3.6,1.35,3.29,3.0992
1.89,-0.18,3.5,3.6,1.35,3.29,3.0992
1.23,2.71,0.73,1.39,0.0,0.89,1.7106
0.95,2.71,0.73,1.39,0.0,0.89,1.7106
0.93,2.71,0.73,1.39,0.0,0.89,1.7106
3.31,4.67,0.7,1.27,0.0,0.95,2.2742
2.95,4.67,0.7,1.27,0.0,0.95,2.2742
2.9,4.67,0.7,1.27,0.0,0.95,2.2742
1.71,0.0,2.2,2.34,0.7,2.52,2.3047
1.73,0.0,2.2,2.34,0.7,2.52,2.3047
1.76,0.0,2.2,2.34,0.7,2.52,2.3047
1.72,0.0,2.2,2.34,0.7,2.52,2.3047
2.04,0.0,2.2,2.34,0.7,2.52,2.3047
0.94,0.73,1.89,2.5,0.21,1.69,2.1813
0.98,0.73,1.89,2.5,0.21,1.69,2.1813
1.07,0.73,1.89,2.5,0.21,1.69,2.1813
0.9,0.73,1.89,2.5,0.21,1.69,2.1813
1.29,0.73,1.89,2.5,0.21,1.69,2.1813
0.85,-0.34,2.08,2.55,0.65,1.37,1.7225
0.89,-0.34,2.08,2.55,0.65,1.37,1.7225
0.97,-0.34,2.08,2.55,0.65,1.37,1.7225
0.77,-0.34,2.08,2.55,0.65,1.37,1.7225
0.92,-0.34,2.08,2.55,0.65,1.37,1.7225
1.61,-0.18,3.5,3.6,1.35,3.29,3.0992
0.55,0.73,1.89,2.5,0.21,1.69,2.1813
0.89,0.73,1.89,2.5,0.21,1.69,2.1813
0.88,0.73,1.89,2.5,0.21,1.69,2.1813
0.79,0.73,1.89,2.5,0.21,1.69,2.1813
0.83,0.73,1.89,2.5,0.21,1.69,2.1813
0.81,-0.34,2.08,2.55,0.65,1.37,1.7225
0.85,-0.34,2.08,2.55,0.65,1.37,1.7225
0.88,-0.34,2.08,2.55,0.65,1.37,1.7225
0.77,-0.34,2.08,2.55,0.65,1.37,1.7225
0.87,-0.34,2.08,2.55,0.65,1.37,1.7225
0.7,-0.18,3.5,3.6,1.35,3.29,3.0992
5.51,5.69,1.76,1.33,0.0,0.15,1.6914
5.45,5.69,1.77,1.33,0.0,0.15,1.6914
4.78,6.34,1.9,1.48,0.0,0.15,1.8138
4.63,6.34,1.9,1.48,0.0,0.15,1.8138
5.63,6.34,1.91,1.46,0.0,0.13,1.8138
4.7,6.98,2.04,1.61,0.0,0.13,1.9362
5.01,6.98,2.04,1.59,0.0,0.11,1.9362
6.04,7.62,2.16,1.74,0.0,0.11,2.0586
5.32,7.21,2.06,1.59,0.0,0.11,1.9362
7.5,7.62,2.18,1.74,0.0,0.11,2.0586
7.27,7.86,2.21,1.72,0.0,0.09,2.0586
8.17,8.27,2.33,1.87,0.0,0.09,2.181
8.45,8.27,2.29,1.87,0.0,0.09,2.181
5.27,6.57,1.94,1.44,0.0,0.11,1.8138
5.01,7.06,2.11,1.57,0.0,0.09,1.9362
7.34,7.7,2.21,1.7,0.0,0.07,2.0586
3.51,4.35,2.06,1.29,0.0,0.29,1.4544
4.69,6.79,1.81,1.76,0.0,0.16,2.218
4.99,8.39,0.64,1.25,0.0,1.02,3.4014
0.99,4.35,2.06,1.29,0.0,0.29,1.4544
2.67,6.79,1.81,1.76,0.0,0.16,2.218
5.0,8.39,0.64,1.25,0.0,1.02,3.4014
4.42,4.35,2.06,1.29,0.0,0.29,1.4544
3.85,4.35,2.06,1.29,0.0,0.29,1.4544
5.41,4.35,2.06,1.29,0.0,0.29,1.4544
5.5,4.8,2.38,1.55,0.0,0.24,1.5846
4.74,4.8,2.38,1.55,0.0,0.24,1.5846
5.93,4.8,2.38,1.55,0.0,0.24,1.5846
4.75,4.35,2.29,1.34,0.0,0.28,1.4544
4.24,4.35,2.29,1.34,0.0,0.28,1.4544
5.63,4.35,2.29,1.34,0.0,0.28,1.4544
5.55,4.93,2.81,1.71,0.0,0.28,1.5846
4.75,4.93,2.81,1.71,0.0,0.28,1.5846
5.86,4.93,2.81,1.71,0.0,0.28,1.5846
6.37,5.52,3.03,1.73,0.0,0.33,1.8234
5.46,5.52,3.03,1.73,0.0,0.33,1.8234
6.65,5.52,3.03,1.73,0.0,0.33,1.8234
7.15,7.22,3.63,1.98,0.0,0.44,1.9536
6.05,7.22,3.63,1.98,0.0,0.44,1.9536
6.94,7.22,3.63,1.98,0.0,0.44,1.9536
7.85,6.22,4.0,2.04,0.0,0.44,2.1924
6.95,6.22,4.0,2.04,0.0,0.44,2.1924
7.54,6.22,4.0,2.04,0.0,0.44,2.1924
7.59,6.7,4.07,1.9,0.0,0.45,2.0838
6.64,6.7,4.07,1.9,0.0,0.45,2.0838
7.17,6.7,4.07,1.9,0.0,0.45,2.0838
2.39,4.26,1.45,0.73,0.0,0.71,1.5798
2.64,4.26,1.45,0.73,0.0,0.71,1.5798
3.21,4.26,1.45,0.73,0.0,0.71,1.5798
2.02,4.26,1.45,0.88,0.0,0.69,1.5798
2.13,4.26,1.45,0.88,0.0,0.69,1.5798
2.65,4.26,1.45,0.88,0.0,0.69,1.5798
2.31,4.26,1.45,0.91,0.0,0.68,1.5798
2.53,4.26,1.45,0.91,0.0,0.68,1.5798
3.3,4.26,1.45,0.91,0.0,0.68,1.5798
2.06,4.26,1.45,0.94,0.0,0.63,1.5798
2.18,4.26,1.45,0.94,0.0,0.63,1.5798
2.82,4.26,1.45,0.94,0.0,0.63,1.5798
4.61,4.99,1.33,0.92,0.06,0.0,1.3284
4.45,4.99,1.33,0.92,0.06,0.0,1.3284
5.12,4.99,1.33,0.92,0.06,0.0,1.3284
5.2,5.86,1.49,0.99,0.0,0.0,1.4508
4.96,5.86,1.49,0.99,0.0,0.0,1.4508
5.3,5.86,1.49,0.99,0.0,0.0,1.4508
4.56,4.35,2.06,1.29,0.0,0.29,1.4544
3.29,4.35,2.06,1.29,0.0,0.29,1.4544
3.36,4.35,2.06,1.29,0.0,0.29,1.4544
3.37,4.35,2.06,1.29,0.0,0.29,1.4544
4.9,5.69,1.75,1.35,0.0,0.17,1.6914
5.4,5.69,1.76,1.33,0.0,0.15,1.6914
5.5,6.34,1.9,1.48,0.0,0.15,1.8138
5.9,6.34,1.91,1.46,0.0,0.13,1.8138
6.2,6.98,2.03,1.59,0.0,0.12,1.9949
6.1,6.98,2.04,1.61,0.0,0.13,1.9362
6.4,7.21,2.06,1.59,0.0,0.11,1.9362
6.3,6.98,2.04,1.59,0.0,0.11,1.9362
6.4,7.62,2.18,1.74,0.0,0.11,2.0586
6.6,7.62,2.18,1.74,0.0,0.11,2.0586
6.6,7.62,2.19,1.74,0.0,0.11,2.0586
6.9,8.27,2.33,1.87,0.0,0.09,2.181
5.0,4.89,2.29,1.3,0.0,0.31,1.5953
4.7,4.89,2.06,1.25,0.0,0.29,1.5953
5.3,5.47,2.25,1.25,0.0,0.28,1.7362
5.2,5.47,2.05,1.29,0.0,0.29,1.7362
4.3,4.35,2.06,1.29,0.0,0.29,1.4544
4.3,4.35,2.06,1.29,0.0,0.29,1.4544
5.083,6.34,1.88,1.48,0.0,0.15,1.8138
5.301,5.69,1.77,1.33,0.0,0.15,1.6914
4.98,5.05,1.62,1.2,0.0,0.18,1.569
5.09,5.69,1.76,1.33,0.0,0.15,1.6914
5.09,6.34,1.9,1.48,0.0,0.15,1.8138
5.14,6.34,1.9,1.48,0.0,0.15,1.8138
5.63,6.57,1.94,1.44,0.0,0.11,1.8138
5.26,6.34,1.91,1.46,0.0,0.13,1.8138
5.71,7.21,2.06,1.59,0.0,0.11,1.9362
5.77,6.98,2.04,1.59,0.0,0.11,1.9362
5.51,6.98,2.04,1.61,0.0,0.13,1.9362
5.26,6.98,2.02,1.61,0.0,0.13,1.9362
5.63,6.98,2.04,1.61,0.0,0.13,1.9362
5.51,6.98,2.03,1.59,0.0,0.12,1.9949
6.19,7.62,2.16,1.74,0.0,0.11,2.0586
6.06,7.62,2.19,1.74,0.0,0.11,2.0586
6.19,7.62,2.18,1.74,0.0,0.11,2.0586
5.77,7.62,2.18,1.74,0.0,0.11,2.0586
4.5,3.56,2.47,1.73,0.0,0.53,1.6286
4.21,3.56,2.47,1.73,0.0,0.53,1.6286
4.42,3.56,2.47,1.73,0.0,0.53,1.6286
2.75,0.48,1.89,2.23,0.58,1.29,1.7244
2.45,5.8,1.35,0.96,1.15,0.23,2.2574
1.95,5.8,1.35,0.96,1.15,0.23,2.2574
2.21,5.8,1.35,0.96,1.15,0.23,2.2574
0.08,1.55,2.0,1.45,0.45,1.0,1.3613
2.78,3.59,1.87,1.17,0.18,0.97,1.995
0.9,2.29,0.69,1.84,0.0,1.18,2.3154
1.27,1.55,2.0,1.45,0.45,1.0,1.3613
3.0,3.59,1.87,1.17,0.18,0.97,1.995
1.77,2.29,0.69,1.84,0.0,1.18,2.3154
-0.94,2.95,1.6,1.58,0.26,1.28,2.1882
-0.14,3.66,1.83,1.8,0.34,1.11,2.2519
4.37,3.93,1.03,0.86,0.0,0.0,1.0836
4.37,3.93,1.03,0.86,0.0,0.0,1.0836
4.34,3.93,0.98,0.73,0.0,0.0,1.0836
3.9,3.93,0.98,0.73,0.0,0.0,1.0836
3.74,3.93,0.98,0.81,0.0,0.0,1.0836
4.06,3.93,0.98,0.81,0.0,0.0,1.0836
4.46,4.99,1.33,0.92,0.06,0.0,1.3284
4.6,4.99,1.33,0.92,0.06,0.0,1.3284
4.26,5.86,1.49,0.99,0.0,0.0,1.4508
4.66,5.86,1.49,0.99,0.0,0.0,1.4508
4.36,5.31,0.99,1.72,0.0,0.6,2.204
4.43,5.31,0.99,1.72,0.0,0.6,2.204
3.92,3.93,1.03,0.86,0.0,0.0,1.0836
4.24,3.93,1.03,0.86,0.0,0.0,1.0836
3.74,3.93,0.98,0.73,0.0,0.0,1.0836
3.94,3.93,0.98,0.73,0.0,0.0,1.0836
4.31,3.93,0.98,0.81,0.0,0.0,1.0836
4.44,3.93,0.98,0.81,0.0,0.0,1.0836
4.36,4.99,1.33,0.92,0.06,0.0,1.3284
4.65,4.99,1.33,0.92,0.06,0.0,1.3284
4.38,5.86,1.49,0.99,0.0,0.0,1.4508
4.65,5.86,1.49,0.99,0.0,0.0,1.4508
4.25,5.31,0.99,1.72,0.0,0.6,2.204
4.78,5.31,0.99,1.72,0.0,0.6,2.204
3.9,3.93,1.03,0.86,0.0,0.0,1.0836
4.21,3.93,1.03,0.86,0.0,0.0,1.0836
3.74,3.93,0.98,0.73,0.0,0.0,1.0836
4.08,3.93,0.98,0.73,0.0,0.0,1.0836
4.21,3.93,0.98,0.81,0.0,0.0,1.0836
4.45,3.93,0.98,0.81,0.0,0.0,1.0836
4.48,4.99,1.33,0.92,0.06,0.0,1.3284
4.61,4.99,1.33,0.92,0.06,0.0,1.3284
4.55,5.86,1.49,0.99,0.0,0.0,1.4508
4.64,5.86,1.49,0.99,0.0,0.0,1.4508
4.6,5.31,0.99,1.72,0.0,0.6,2.204
4.81,5.31,0.99,1.72,0.0,0.6,2.204
1.16,2.16,0.92,1.08,0.67,0.21,0.8975
1.2,2.16,0.92,1.08,0.67,0.21,0.8975
1.17,2.16,0.92,1.08,0.67,0.21,0.8975
1.61,2.8,0.96,0.82,0.54,0.17,1.0199
1.48,2.8,0.96,0.82,0.54,0.17,1.0199
1.39,2.8,0.96,0.82,0.54,0.17,1.0199
1.16,3.45,1.01,0.8,0.6,0.15,1.1423
0.89,3.45,1.01,0.8,0.6,0.15,1.1423
0.8,3.45,1.01,0.8,0.6,0.15,1.1423
4.01,0.0,2.2,2.34,0.7,2.52,2.3047
3.71,0.0,2.2,2.34,0.7,2.52,2.3047
1.18,2.71,0.73,1.39,0.0,0.89,1.7106
3.26,4.67,0.73,1.39,0.0,0.89,1.7106
3.19,4.52,0.68,1.21,0.0,0.95,2.2742
0.76,3.64,1.61,1.56,0.99,0.91,1.8643
2.59,3.17,1.34,0.92,0.0,0.2,1.0854
3.91,4.35,2.06,1.29,0.0,0.29,1.4544
0.86,2.82,1.22,1.29,0.17,1.01,1.6196
1.81,2.67,1.28,1.6,0.57,0.7,1.5992
0.96,2.69,1.52,1.05,0.61,0.37,1.1441
2.1,2.99,1.6,1.59,0.0,0.29,1.2596
3.36,3.81,1.42,1.0,0.0,0.14,1.2078
3.16,3.72,1.34,0.94,0.0,0.22,1.2263
1.67,3.97,0.83,0.95,0.53,0.41,1.4796
1.47,3.15,0.86,0.76,0.51,0.43,1.1978
2.42,3.52,0.6,0.5,0.0,0.15,1.1391
2.23,2.88,0.88,0.73,0.0,0.09,0.8914
3.2,3.76,1.36,0.99,0.0,0.26,1.3242
2.55,3.09,0.62,0.52,0.0,0.16,0.9982
0.66,2.71,0.73,1.39,0.0,0.89,1.7106
4.02,4.67,0.7,1.27,0.0,0.95,2.2742
3.64,4.52,0.68,1.21,0.0,0.95,2.2742
0.83,3.64,1.61,1.56,0.99,0.91,1.8643
2.83,3.17,1.34,0.92,0.0,0.2,1.0854
3.28,4.35,2.06,1.29,0.0,0.29,1.4544
0.25,2.67,1.28,1.6,0.57,0.7,1.5992
0.93,2.69,1.52,1.05,0.61,0.37,1.1441
2.15,2.99,1.6,1.59,0.0,0.29,1.2596
3.22,3.81,1.42,1.0,0.0,0.14,1.2078
3.03,3.72,1.34,0.94,0.0,0.22,1.2263
1.63,3.97,0.83,0.95,0.53,0.41,1.4796
1.45,3.15,0.86,0.76,0.51,0.43,1.1978
3.35,3.52,0.6,0.5,0.0,0.15,1.1391
2.73,2.88,0.88,0.73,0.0,0.09,0.8914
3.29,3.76,1.36,0.99,0.0,0.26,1.3242
3.22,3.09,0.62,0.52,0.0,0.16,0.9982
2.23,2.71,0.73,1.39,0.0,0.89,1.7106
3.88,4.67,0.7,1.27,0.0,0.95,2.2742
3.64,4.52,0.68,1.21,0.0,0.95,2.2742
3.17,3.64,1.61,1.56,0.99,0.91,1.8643
3.11,3.17,1.34,0.92,0.0,0.2,1.0854
4.45,4.35,2.06,1.29,0.0,0.29,1.4544
2.15,2.82,1.22,1.29,0.17,1.01,1.6196
2.3,2.67,1.28,1.6,0.57,0.7,1.5992
2.88,2.69,1.52,1.05,0.61,0.37,1.1441
3.28,2.99,1.6,1.59,0.0,0.29,1.2596
3.78,3.81,1.42,1.0,0.0,0.14,1.2078
3.52,3.72,1.34,0.94,0.0,0.22,1.2263
3.35,3.97,0.83,0.95,0.53,0.41,1.4796
2.4,3.15,0.86,0.76,0.51,0.43,1.1978
2.98,3.52,0.6,0.5,0.0,0.15,1.1391
2.62,2.88,0.88,0.73,0.0,0.09,0.8914
3.78,3.76,1.36,0.99,0.0,0.26,1.3242
2.8,3.09,0.62,0.52,0.0,0.16,0.9982
2.16,2.71,0.73,1.39,0.0,0.89,1.7106
3.93,4.67,0.7,1.27,0.0,0.95,2.2742
3.91,4.52,0.68,1.21,0.0,0.95,2.2742
2.37,3.64,1.61,1.56,0.99,0.91,1.8643
3.29,3.17,1.34,0.92,0.0,0.2,1.0854
4.68,4.35,2.06,1.29,0.0,0.29,1.4544
2.3,2.82,1.22,1.29,0.17,1.01,1.6196
2.29,2.67,1.28,1.6,0.57,0.7,1.5992
3.0,2.69,1.52,1.05,0.61,0.37,1.1441
3.42,2.99,1.6,1.59,0.0,0.29,1.2596
3.95,3.81,1.42,1.0,0.0,0.14,1.2078
3.7,3.72,1.34,0.94,0.0,0.22,1.2263
3.52,3.97,0.83,0.95,0.53,0.41,1.4796
2.49,3.15,0.86,0.76,0.51,0.43,1.1978
3.16,3.52,0.6,0.5,0.0,0.15,1.1391
2.94,2.88,0.88,0.73,0.0,0.09,0.8914
4.04,3.76,1.36,0.99,0.0,0.26,1.3242
2.97,3.09,0.62,0.52,0.0,0.16,0.9982
2.81,5.8,1.35,0.96,1.15,0.23,2.2574
2.82,5.8,1.35,0.96,1.15,0.23,2.2574
2.68,5.8,1.35,0.96,1.15,0.23,2.2574
3.04,4.66,1.73,1.55,0.47,0.45,1.8088
1.82,0.0,2.2,2.34,0.7,2.52,2.3047
1.13,-0.18,3.5,3.6,1.35,3.29,3.0992
1.77,-0.18,3.5,3.6,1.35,3.29,3.0992
3.86,4.93,2.81,1.71,0.0,0.28,1.5846
3.38,4.93,2.81,1.71,0.0,0.28,1.5846
3.37,4.93,2.81,1.71,0.0,0.28,1.5846
2.93,4.66,1.73,1.55,0.47,0.45,1.8088
2.44,4.66,1.73,1.55,0.47,0.45,1.8088
3.51,4.35,2.06,1.29,0.0,0.29,1.4544
3.88,4.35,2.06,1.29,0.0,0.29,1.4544
3.06,6.79,1.81,1.76,0.0,0.16,2.218
4.86,6.79,1.81,1.76,0.0,0.16,2.218
4.69,4.35,2.06,1.29,0.0,0.29,1.4544
4.28,4.35,2.06,1.29,0.0,0.29,1.4544
4.93,6.79,1.81,1.76,0.0,0.16,2.218
4.96,6.79,1.81,1.76,0.0,0.16,2.218
4.23,3.17,1.34,0.92,0.0,0.2,1.0854
4.42,3.17,1.34,0.92,0.0,0.2,1.0854
4.34,3.17,1.34,0.92,0.0,0.2,1.0854
3.26,4.93,2.81,1.71,0.0,0.28,1.5846
3.24,4.93,2.81,1.71,0.0,0.28,1.5846
3.2,4.93,2.81,1.71,0.0,0.28,1.5846
3.18,4.93,2.81,1.71,0.0,0.28,1.5846
3.18,4.93,2.81,1.71,0.0,0.28,1.5846
2.34,4.93,2.81,1.71,0.0,0.28,1.5846
2.3,4.93,2.81,1.71,0.0,0.28,1.5846
2.28,4.93,2.81,1.71,0.0,0.28,1.5846
2.25,4.93,2.81,1.71,0.0,0.28,1.5846
2.25,4.93,2.81,1.71,0.0,0.28,1.5846
2.32,4.93,2.81,1.71,0.0,0.28,1.5846
2.26,4.93,2.81,1.71,0.0,0.28,1.5846
2.23,4.93,2.81,1.71,0.0,0.28,1.5846
2.19,4.93,2.81,1.71,0.0,0.28,1.5846
2.19,4.93,2.81,1.71,0.0,0.28,1.5846
1.5,2.07,1.6,1.72,0.36,2.15,3.0239
2.87,4.35,2.29,1.34,0.0,0.28,1.4544
2.33,1.58,2.59,2.01,0.0,2.3,2.9165
2.33,3.67,1.28,1.94,0.0,1.27,2.4713
2.08,1.58,2.59,2.01,0.0,2.3,2.9165
2.09,3.67,1.28,1.94,0.0,1.27,2.4713
1.05,6.77,2.32,1.45,0.0,0.34,2.0829
1.64,-2.9,3.6,3.05,1.65,3.5,3.1579
2.65,-2.9,3.6,3.05,1.65,3.5,3.1579
4.01,4.35,2.06,1.29,0.0,0.29,1.4544
4.79,3.94,1.8,1.77,0.86,1.1,2.1988
3.37,3.94,1.8,1.77,0.86,1.1,2.1988
2.91,3.94,1.8,1.77,0.86,1.1,2.1988
2.05,3.94,1.8,1.77,0.86,1.1,2.1988
1.64,3.94,1.8,1.77,0.86,1.1,2.1988
1.62,3.94,1.8,1.77,0.86,1.1,2.1988
1.45,3.94,1.8,1.77,0.86,1.1,2.1988
1.39,3.94,1.8,1.77,0.86,1.1,2.1988
1.15,3.94,1.8,1.77,0.86,1.1,2.1988
1.2,3.94,1.8,1.77,0.86,1.1,2.1988
0.9,2.71,0.73,1.39,0.0,0.89,1.7106
2.9,4.67,0.7,1.27,0.0,0.95,2.2742
0.95,2.71,0.73,1.39,0.0,0.89,1.7106
2.95,4.67,0.7,1.27,0.0,0.95,2.2742
1.23,2.71,0.73,1.39,0.0,0.89,1.7106
3.31,4.67,0.7,1.27,0.0,0.95,2.2742
2.13,-0.18,3.5,3.6,1.35,3.29,3.0992
2.07,-0.18,3.5,3.6,1.35,3.29,3.0992
1.8,-0.18,3.5,3.6,1.35,3.29,3.0992
2.07,-0.18,3.5,3.6,1.35,3.29,3.0992
2.01,-0.18,3.5,3.6,1.35,3.29,3.0992
1.78,-0.18,3.5,3.6,1.35,3.29,3.0992
1.89,-0.18,3.5,3.6,1.35,3.29,3.0992
1.31,-0.31,1.98,2.5,0.05,2.39,2.2724
1.22,-0.31,1.98,2.5,0.05,2.39,2.2724
0.96,-0.31,1.98,2.5,0.05,2.39,2.2724
1.21,-0.31,1.98,2.5,0.05,2.39,2.2724
0.81,-0.31,1.98,2.5,0.05,2.39,2.2724
0.93,-0.31,1.98,2.5,0.05,2.39,2.2724
0.72,-0.31,1.98,2.5,0.05,2.39,2.2724
0.84,-0.31,1.98,2.5,0.05,2.39,2.2724
1.11,3.64,1.61,1.56,0.99,0.91,1.8643
0.87,3.64,1.61,1.56,0.99,0.91,1.8643
1.15,3.64,1.61,1.56,0.99,0.91,1.8643
0.3,3.64,1.61,1.56,0.99,0.91,1.8643
1.28,3.64,1.61,1.56,0.99,0.91,1.8643
-0.25,3.64,1.61,1.56,0.99,0.91,1.8643
4.94,3.64,1.61,1.56,0.99,0.91,1.8643
0.19,3.64,1.61,1.56,0.99,0.91,1.8643
0.68,3.64,1.61,1.56,0.99,0.91,1.8643
3.06,3.64,1.61,1.56,0.99,0.91,1.8643
2.93,3.17,1.34,0.92,0.0,0.2,1.0854
1.5,3.17,1.34,0.92,0.0,0.2,1.0854
1.65,3.17,1.34,0.92,0.0,0.2,1.0854
1.16,3.17,1.34,0.92,0.0,0.2,1.0854
2.45,4.35,2.06,1.29,0.0,0.29,1.4544
1.51,4.35,2.06,1.29,0.0,0.29,1.4544
2.44,4.35,2.06,1.29,0.0,0.29,1.4544
0.84,4.35,2.06,1.29,0.0,0.29,1.4544
3.13,4.35,2.06,1.29,0.0,0.29,1.4544
4.56,4.35,2.06,1.29,0.0,0.29,1.4544
3.29,4.35,2.06,1.29,0.0,0.29,1.4544
3.36,4.35,2.06,1.29,0.0,0.29,1.4544
3.37,4.35,2.06,1.29,0.0,0.29,1.4544
3.52,4.35,2.06,1.29,0.0,0.29,1.4544
3.61,4.35,2.06,1.29,0.0,0.29,1.4544
3.62,4.35,2.06,1.29,0.0,0.29,1.4544
3.74,4.35,2.06,1.29,0.0,0.29,1.4544
4.1,4.35,2.06,1.29,0.0,0.29,1.4544
4.2,4.35,2.06,1.29,0.0,0.29,1.4544
4.27,4.35,2.06,1.29,0.0,0.29,1.4544
1.73,1.81,0.87,1.11,0.0,0.28,0.8906
2.15,1.81,0.87,1.11,0.0,0.28,0.8906
2.43,1.81,0.87,1.11,0.0,0.28,0.8906
2.57,1.81,0.87,1.11,0.0,0.28,0.8906
2.84,1.81,0.87,1.11,0.0,0.28,0.8906
3.19,1.81,0.87,1.11,0.0,0.28,0.8906
3.19,1.81,0.87,1.11,0.0,0.28,0.8906
2.35,3.52,1.65,1.63,0.0,0.62,1.7391
2.49,3.52,1.65,1.63,0.0,0.62,1.7391
2.59,3.52,1.65,1.63,0.0,0.62,1.7391
2.75,3.52,1.65,1.63,0.0,0.62,1.7391
2.84,3.52,1.65,1.63,0.0,0.62,1.7391
2.13,3.52,1.65,1.63,0.0,0.62,1.7391
2.33,3.52,1.65,1.63,0.0,0.62,1.7391
2.45,3.52,1.65,1.63,0.0,0.62,1.7391
1.93,3.52,1.65,1.63,0.0,0.62,1.7391
2.28,3.52,1.65,1.63,0.0,0.62,1.7391
2.48,3.52,1.65,1.63,0.0,0.62,1.7391
4.84,4.35,2.06,1.29,0.0,0.29,1.4544
4.17,4.35,2.06,1.29,0.0,0.29,1.4544
4.13,4.35,2.06,1.29,0.0,0.29,1.4544
3.15,4.35,2.06,1.29,0.0,0.29,1.4544
2.82,0.48,1.89,2.23,0.58,1.29,1.7244
3.34,2.6,1.84,1.43,0.44,1.31,2.148
3.5,5.29,1.83,1.5,0.1,0.82,2.2647
2.34,0.0,2.2,2.34,0.7,2.52,2.3047
2.47,0.0,2.2,2.34,0.7,2.52,2.3047
3.65,3.17,1.34,0.92,0.0,0.2,1.0854
3.8,3.17,1.34,0.92,0.0,0.2,1.0854
3.57,4.02,1.59,1.06,0.0,0.25,1.3565
3.89,4.02,1.59,1.06,0.0,0.25,1.3565
4.22,4.8,2.38,1.55,0.0,0.24,1.5846
4.3,4.8,2.38,1.55,0.0,0.24,1.5846
4.82,4.93,2.81,1.71,0.0,0.28,1.5846
4.82,4.93,2.81,1.71,0.0,0.28,1.5846
3.62,3.17,1.34,0.92,0.0,0.2,1.0854
3.55,3.17,1.34,0.92,0.0,0.2,1.0854
3.8,4.02,1.59,1.06,0.0,0.25,1.3565
3.68,4.02,1.59,1.06,0.0,0.25,1.3565
4.02,4.8,2.38,1.55,0.0,0.24,1.5846
4.03,4.8,2.38,1.55,0.0,0.24,1.5846
4.32,4.93,2.81,1.71,0.0,0.28,1.5846
4.19,4.93,2.81,1.71,0.0,0.28,1.5846
3.92,3.17,1.34,0.92,0.0,0.2,1.0854
4.04,3.17,1.34,0.92,0.0,0.2,1.0854
4.0,4.02,1.59,1.06,0.0,0.25,1.3565
4.3,4.02,1.59,1.06,0.0,0.25,1.3565
4.09,4.8,2.38,1.55,0.0,0.24,1.5846
4.56,4.8,2.38,1.55,0.0,0.24,1.5846
4.94,4.93,2.81,1.71,0.0,0.28,1.5846
4.63,4.93,2.81,1.71,0.0,0.28,1.5846
4.12,3.17,1.34,0.92,0.0,0.2,1.0854
3.98,3.17,1.34,0.92,0.0,0.2,1.0854
3.98,4.02,1.59,1.06,0.0,0.25,1.3565
3.81,4.02,1.59,1.06,0.0,0.25,1.3565
4.15,4.8,2.38,1.55,0.0,0.24,1.5846
4.56,4.8,2.38,1.55,0.0,0.24,1.5846
5.12,4.93,2.81,1.71,0.0,0.28,1.5846
5.12,4.93,2.81,1.71,0.0,0.28,1.5846
4.05,3.17,1.34,0.92,0.0,0.2,1.0854
4.08,3.17,1.34,0.92,0.0,0.2,1.0854
4.08,4.02,1.59,1.06,0.0,0.25,1.3565
4.12,4.02,1.59,1.06,0.0,0.25,1.3565
4.39,4.8,2.38,1.55,0.0,0.24,1.5846
4.05,4.8,2.38,1.55,0.0,0.24,1.5846
4.98,4.93,2.81,1.71,0.0,0.28,1.5846
4.99,4.93,2.81,1.71,0.0,0.28,1.5846
3.47,3.17,1.34,0.92,0.0,0.2,1.0854
3.44,3.17,1.34,0.92,0.0,0.2,1.0854
3.65,4.02,1.59,1.06,0.0,0.25,1.3565
3.59,4.02,1.59,1.06,0.0,0.25,1.3565
3.7,4.8,2.38,1.55,0.0,0.24,1.5846
3.74,4.8,2.38,1.55,0.0,0.24,1.5846
3.77,4.93,2.81,1.71,0.0,0.28,1.5846
3.83,4.93,2.81,1.71,0.0,0.28,1.5846
2.93,3.17,1.34,0.92,0.0,0.2,1.0854
2.99,3.17,1.34,0.92,0.0,0.2,1.0854
2.85,4.02,1.59,1.06,0.0,0.25,1.3565
2.86,4.02,1.59,1.06,0.0,0.25,1.3565
2.92,4.8,2.38,1.55,0.0,0.24,1.5846
2.92,4.8,2.38,1.55,0.0,0.24,1.5846
3.12,4.93,2.81,1.71,0.0,0.28,1.5846
3.13,4.93,2.81,1.71,0.0,0.28,1.5846
3.89,4.35,2.06,1.29,0.0,0.29,1.4544
3.65,4.35,2.06,1.29,0.0,0.29,1.4544
3.42,4.35,2.06,1.29,0.0,0.29,1.4544
3.92,4.35,2.06,1.29,0.0,0.29,1.4544
3.89,4.35,2.06,1.29,0.0,0.29,1.4544
3.81,4.35,2.06,1.29,0.0,0.29,1.4544
3.42,4.35,2.06,1.29,0.0,0.29,1.4544
1.76,1.51,0.81,0.89,0.6,0.3,0.7751
3.41,4.35,2.06,1.29,0.0,0.29,1.4544
3.38,4.35,2.06,1.29,0.0,0.29,1.4544
1.53,1.51,0.81,0.89,0.6,0.3,0.7751
4.18,4.35,2.06,1.29,0.0,0.29,1.4544
2.01,1.81,0.87,1.11,0.0,0.28,0.8906
2.55,3.17,1.34,0.92,0.0,0.2,1.0854
4.06,4.35,2.06,1.29,0.0,0.29,1.4544
1.57,1.81,0.87,1.11,0.0,0.28,0.8906
2.87,3.17,1.34,0.92,0.0,0.2,1.0854
4.35,4.35,2.06,1.29,0.0,0.29,1.4544
2.97,1.81,0.87,1.11,0.0,0.28,0.8906
3.06,3.17,1.34,0.92,0.0,0.2,1.0854
4.25,4.35,2.06,1.29,0.0,0.29,1.4544
3.19,1.81,0.87,1.11,0.0,0.28,0.8906
4.05,3.17,1.34,0.92,0.0,0.2,1.0854
2.8,4.35,2.06,1.29,0.0,0.29,1.4544
2.26,1.81,0.87,1.11,0.0,0.28,0.8906
2.79,3.17,1.34,0.92,0.0,0.2,1.0854
3.02,6.57,1.94,1.44,0.0,0.11,1.8138
2.7,6.57,1.94,1.44,0.0,0.11,1.8138
3.06,3.94,1.8,1.77,0.86,1.1,2.1988
3.29,3.94,1.8,1.77,0.86,1.1,2.1988
3.1,4.12,2.01,2.34,0.98,1.23,2.3946
3.02,4.12,2.01,2.34,0.98,1.23,2.3946
2.72,2.81,1.97,1.74,1.06,1.63,2.2575
2.77,2.81,1.97,1.74,1.06,1.63,2.2575
5.18,4.93,2.81,1.71,0.0,0.28,1.5846
4.28,4.35,2.06,1.29,0.0,0.29,1.4544
2.26,2.99,1.6,1.59,0.0,0.29,1.2596
2.81,2.25,1.67,1.26,0.2,0.57,1.1852
1.94,2.82,1.22,1.29,0.17,1.01,1.6196
5.21,4.93,2.81,1.71,0.0,0.28,1.5846
4.56,4.35,2.06,1.29,0.0,0.29,1.4544
2.95,2.99,1.6,1.59,0.0,0.29,1.2596
2.77,2.25,1.67,1.26,0.2,0.57,1.1852
1.82,2.82,1.22,1.29,0.17,1.01,1.6196
3.03,2.99,1.6,1.59,0.0,0.29,1.2596
3.03,2.25,1.67,1.26,0.2,0.57,1.1852
1.95,2.82,1.22,1.29,0.17,1.01,1.6196
4.11,4.93,2.81,1.71,0.0,0.28,1.5846
2.8,4.35,2.06,1.29,0.0,0.29,1.4544
3.27,2.99,1.6,1.59,0.0,0.29,1.2596
2.79,2.25,1.67,1.26,0.2,0.57,1.1852
3.91,-0.31,1.98,2.5,0.05,2.39,2.2724
3.95,-0.31,1.98,2.5,0.05,2.39,2.2724
0.19,0.0,2.2,2.34,0.7,2.52,2.3047
0.17,-0.31,1.98,2.5,0.05,2.39,2.2724
0.14,2.6,1.84,1.43,0.44,1.31,2.148
-0.73,1.17,1.63,1.64,0.85,2.34,2.4923
-0.56,-1.28,3.7,3.22,1.77,3.35,3.2197
1.66,4.35,2.06,1.29,0.0,0.29,1.4544
2.39,4.35,2.06,1.29,0.0,0.29,1.4544
-0.18,0.0,2.2,2.34,0.7,2.52,2.3047
0.12,-0.31,1.98,2.5,0.05,2.39,2.2724
0.3,2.6,1.84,1.43,0.44,1.31,2.148
-1.02,1.17,1.63,1.64,0.85,2.34,2.4923
-0.72,-0.81,0.72,0.84,0.57,1.02,0.7693
-1.05,0.0,2.2,2.34,0.7,2.52,2.3047
0.19,-0.31,1.98,2.5,0.05,2.39,2.2724
0.33,2.6,1.84,1.43,0.44,1.31,2.148
-0.74,1.17,1.63,1.64,0.85,2.34,2.4923
-1.05,-0.81,0.72,0.84,0.57,1.02,0.7693
0.19,4.35,2.06,1.29,0.0,0.29,1.4544
2.29,4.35,2.06,1.29,0.0,0.29,1.4544
-0.15,0.0,2.2,2.34,0.7,2.52,2.3047
-0.25,-0.31,1.98,2.5,0.05,2.39,2.2724
0.26,2.6,1.84,1.43,0.44,1.31,2.148
-0.85,1.17,1.63,1.64,0.85,2.34,2.4923
-0.85,-0.81,0.72,0.84,0.57,1.02,0.7693
-0.85,-1.28,3.7,3.22,1.77,3.35,3.2197
1.35,4.35,2.06,1.29,0.0,0.29,1.4544
2.41,4.35,2.06,1.29,0.0,0.29,1.4544
2.09,6.77,2.32,1.45,0.0,0.34,2.0829
2.36,6.77,2.32,1.45,0.0,0.34,2.0829
2.41,6.77,2.32,1.45,0.0,0.34,2.0829
1.97,6.77,2.32,1.45,0.0,0.34,2.0829
2.45,6.77,2.32,1.45,0.0,0.34,2.0829
2.51,6.77,2.32,1.45,0.0,0.34,2.0829
2.56,6.77,2.32,1.45,0.0,0.34,2.0829
2.67,6.77,2.32,1.45,0.0,0.34,2.0829
2.73,6.77,2.32,1.45,0.0,0.34,2.0829
2.32,6.77,2.32,1.45,0.0,0.34,2.0829
2.59,6.77,2.32,1.45,0.0,0.34,2.0829
2.64,6.77,2.32,1.45,0.0,0.34,2.0829
2.51,0.48,1.89,2.23,0.58,1.29,1.7244
1.46,0.48,1.89,2.23,0.58,1.29,1.7244
1.49,0.48,1.89,2.23,0.58,1.29,1.7244
1.49,0.48,1.89,2.23,0.58,1.29,1.7244
1.59,0.48,1.89,2.23,0.58,1.29,1.7244
1.44,0.48,1.89,2.23,0.58,1.29,1.7244
2.77,7.2,2.61,2.05,0.78,0.58,2.5643
2.95,7.2,2.61,2.05,0.78,0.58,2.5643
3.38,7.2,2.61,2.05,0.78,0.58,2.5643
3.91,7.2,2.61,2.05,0.78,0.58,2.5643
0.85,3.79,0.73,0.7,0.56,0.79,1.7771
1.18,3.79,0.73,0.7,0.56,0.79,1.7771
3.31,3.79,0.73,0.7,0.56,0.79,1.7771
1.12,3.79,0.73,0.7,0.56,0.79,1.7771
0.82,4.02,1.81,1.85,0.55,0.77,2.025
1.49,4.02,1.81,1.85,0.55,0.77,2.025
3.44,4.02,1.81,1.85,0.55,0.77,2.025
1.07,4.02,1.81,1.85,0.55,0.77,2.025
0.18,3.1,1.51,2.02,0.6,0.67,1.7821
0.63,3.1,1.51,2.02,0.6,0.67,1.7821
2.5,3.1,1.51,2.02,0.6,0.67,1.7821
0.51,3.1,1.51,2.02,0.6,0.67,1.7821
0.92,3.79,0.73,0.7,0.56,0.79,1.7771
1.1,3.79,0.73,0.7,0.56,0.79,1.7771
3.25,3.79,0.73,0.7,0.56,0.79,1.7771
1.07,3.79,0.73,0.7,0.56,0.79,1.7771
0.38,4.02,1.81,1.85,0.55,0.77,2.025
1.4,4.02,1.81,1.85,0.55,0.77,2.025
3.45,4.02,1.81,1.85,0.55,0.77,2.025
1.04,4.02,1.81,1.85,0.55,0.77,2.025
-0.24,3.1,1.51,2.02,0.6,0.67,1.7821
0.61,3.1,1.51,2.02,0.6,0.67,1.7821
2.42,3.1,1.51,2.02,0.6,0.67,1.7821
0.09,3.1,1.51,2.02,0.6,0.67,1.7821
0.76,3.79,0.73,0.7,0.56,0.79,1.7771
0.91,3.79,0.73,0.7,0.56,0.79,1.7771
3.16,3.79,0.73,0.7,0.56,0.79,1.7771
0.94,3.79,0.73,0.7,0.56,0.79,1.7771
0.42,4.02,1.81,1.85,0.55,0.77,2.025
1.47,4.02,1.81,1.85,0.55,0.77,2.025
3.42,4.02,1.81,1.85,0.55,0.77,2.025
1.1,4.02,1.81,1.85,0.55,0.77,2.025
0.23,3.1,1.51,2.02,0.6,0.67,1.7821
0.4,3.1,1.51,2.02,0.6,0.67,1.7821
2.72,3.1,1.51,2.02,0.6,0.67,1.7821
0.87,3.1,1.51,2.02,0.6,0.67,1.7821
0.18,3.79,0.73,0.7,0.56,0.79,1.7771
0.35,3.79,0.73,0.7,0.56,0.79,1.7771
2.74,3.79,0.73,0.7,0.56,0.79,1.7771
0.61,3.79,0.73,0.7,0.56,0.79,1.7771
0.16,4.02,1.81,1.85,0.55,0.77,2.025
1.04,4.02,1.81,1.85,0.55,0.77,2.025
3.19,4.02,1.81,1.85,0.55,0.77,2.025
0.4,4.02,1.81,1.85,0.55,0.77,2.025
-0.2,3.1,1.51,2.02,0.6,0.67,1.7821
0.23,3.1,1.51,2.02,0.6,0.67,1.7821
2.13,3.1,1.51,2.02,0.6,0.67,1.7821
0.16,3.1,1.51,2.02,0.6,0.67,1.7821
3.1,2.94,1.68,1.79,0.0,1.24,2.1452
2.36,2.94,1.68,1.79,0.0,1.24,2.1452
2.32,2.94,1.68,1.79,0.0,1.24,2.1452
3.94,4.35,2.06,1.29,0.0,0.29,1.4544
4.09,4.35,2.06,1.29,0.0,0.29,1.4544
2.39,4.35,2.06,1.29,0.0,0.29,1.4544
2.53,4.35,2.06,1.29,0.0,0.29,1.4544
3.87,4.35,2.06,1.29,0.0,0.29,1.4544
4.02,4.35,2.06,1.29,0.0,0.29,1.4544
-0.04,1.43,0.02,0.28,0.0,0.54,0.8718
0.29,1.92,0.0,0.22,0.0,0.54,1.0127
0.45,2.41,0.0,0.16,0.0,0.61,1.1536
0.77,2.41,0.0,0.16,0.0,0.61,1.1536
1.38,1.99,0.61,0.52,0.0,0.14,0.7164
1.87,2.54,0.6,0.52,0.0,0.14,0.8573
2.25,3.03,0.61,0.51,0.0,0.15,0.9982
2.29,3.09,0.62,0.52,0.0,0.16,0.9982
2.11,3.63,0.66,0.56,0.0,0.16,0.9982
0.57,1.43,0.02,0.28,0.0,0.54,0.8718
0.78,1.92,0.0,0.22,0.0,0.54,1.0127
0.87,2.41,0.0,0.16,0.0,0.61,1.1536
1.15,2.41,0.0,0.16,0.0,0.61,1.1536
1.51,1.99,0.61,0.52,0.0,0.14,0.7164
1.9,2.54,0.6,0.52,0.0,0.14,0.8573
2.23,3.03,0.61,0.51,0.0,0.15,0.9982
2.24,3.09,0.62,0.52,0.0,0.16,0.9982
2.12,3.63,0.66,0.56,0.0,0.16,0.9982
1.03,1.99,0.61,0.52,0.0,0.14,0.7164
1.39,2.54,0.6,0.52,0.0,0.14,0.8573
1.62,3.03,0.61,0.51,0.0,0.15,0.9982
1.57,3.09,0.62,0.52,0.0,0.16,0.9982
1.28,3.63,0.66,0.56,0.0,0.16,0.9982
0.7,1.99,0.61,0.52,0.0,0.14,0.7164
1.16,2.54,0.6,0.52,0.0,0.14,0.8573
1.42,3.03,0.61,0.51,0.0,0.15,0.9982
1.34,3.09,0.62,0.52,0.0,0.16,0.9982
1.04,3.63,0.66,0.56,0.0,0.16,0.9982
4.1,3.17,1.34,0.92,0.0,0.2,1.0854
3.8,2.25,1.67,1.26,0.2,0.57,1.1852
4.09,3.72,1.34,0.94,0.0,0.22,1.2263
3.94,3.05,1.46,1.2,0.65,0.49,1.3007
3.82,2.69,1.52,1.05,0.61,0.37,1.1441
3.99,3.17,1.34,0.92,0.0,0.2,1.0854
3.82,2.25,1.67,1.26,0.2,0.57,1.1852
4.02,3.72,1.34,0.94,0.0,0.22,1.2263
3.68,3.05,1.46,1.2,0.65,0.49,1.3007
3.68,2.69,1.52,1.05,0.61,0.37,1.1441
3.46,1.51,0.81,0.89,0.6,0.3,0.7751
3.24,1.51,0.81,0.89,0.6,0.3,0.7751
4.0,1.51,0.81,0.89,0.6,0.3,0.7751
2.89,1.51,0.81,0.89,0.6,0.3,0.7751
4.52,4.35,2.06,1.29,0.0,0.29,1.4544
3.36,4.35,2.06,1.29,0.0,0.29,1.4544
4.71,4.35,2.06,1.29,0.0,0.29,1.4544
4.71,4.35,2.06,1.29,0.0,0.29,1.4544
4.56,4.35,2.06,1.29,0.0,0.29,1.4544
8.51,6.79,1.81,1.76,0.0,0.16,2.218
9.17,6.79,1.81,1.76,0.0,0.16,2.218
8.1,6.79,1.81,1.76,0.0,0.16,2.218
6.44,6.79,1.81,1.76,0.0,0.16,2.218
7.01,6.79,1.81,1.76,0.0,0.16,2.218
5.22,4.35,2.06,1.29,0.0,0.29,1.4544
5.56,4.35,2.06,1.29,0.0,0.29,1.4544
6.14,4.35,2.06,1.29,0.0,0.29,1.4544
7.59,4.35,2.06,1.29,0.0,0.29,1.4544
6.3,4.35,2.06,1.29,0.0,0.29,1.4544
7.47,6.79,1.81,1.76,0.0,0.16,2.218
8.18,6.79,1.81,1.76,0.0,0.16,2.218
8.1,6.79,1.81,1.76,0.0,0.16,2.218
6.47,6.79,1.81,1.76,0.0,0.16,2.218
9.48,6.79,1.81,1.76,0.0,0.16,2.218
3.38,4.35,2.06,1.29,0.0,0.29,1.4544
2.51,4.35,2.06,1.29,0.0,0.29,1.4544
4.5,4.35,2.06,1.29,0.0,0.29,1.4544
4.52,4.35,2.06,1.29,0.0,0.29,1.4544
0.69,1.08,0.96,0.96,0.26,0.41,0.8162
0.81,1.08,0.96,0.96,0.26,0.41,0.8162
0.89,1.08,0.96,0.96,0.26,0.41,0.8162
1.18,1.08,0.96,0.96,0.26,0.41,0.8162
2.46,0.0,2.2,2.34,0.7,2.52,2.3047
2.27,0.0,2.2,2.34,0.7,2.52,2.3047
3.22,0.0,2.2,2.34,0.7,2.52,2.3047
2.33,0.0,2.2,2.34,0.7,2.52,2.3047
2.03,0.0,2.2,2.34,0.7,2.52,2.3047
2.09,0.0,2.2,2.34,0.7,2.52,2.3047
2.11,0.0,2.2,2.34,0.7,2.52,2.3047
2.76,0.0,2.2,2.34,0.7,2.52,2.3047
