logKd,MPs types,Ageing_Status,Plastic Density,SSA,Particle Size
1.56,PE,Aged,0.95,,750.0
1.49,PS,Aged,1.05,,750.0
1.54,PS,Aged,1.05,,750.0
3.21,PE,Pristine,0.95,,280.0
2.4,PE,Pristine,0.95,,280.0
2.91,PE,Pristine,0.95,,280.0
2.1,PE,Pristine,0.95,,280.0
1.83,PE,Pristine,0.95,,280.0
2.57,PE,Pristine,0.95,,280.0
2.67,PE,Pristine,0.95,,280.0
3.86,PE,Pristine,0.95,,280.0
2.19,PE,Pristine,0.95,,280.0
1.72,PE,Pristine,0.95,,280.0
2.45,PE,Pristine,0.95,,280.0
2.33,PE,Pristine,0.95,,280.0
3.52,CPE,Pristine,1.2,,280.0
2.56,CPE,Pristine,1.2,,280.0
2.21,CPE,Pristine,1.2,,280.0
1.96,CPE,Pristine,1.2,,280.0
2.7,CPE,Pristine,1.2,,280.0
2.5,CPE,Pristine,1.2,,280.0
4.77,CPE,Pristine,1.2,,280.0
2.0,CPE,Pristine,1.2,,280.0
1.74,CPE,Pristine,1.2,,280.0
4.91,CPE,Pristine,1.2,,280.0
2.55,CPE,Pristine,1.2,,280.0
2.59,CPE,Pristine,1.2,,280.0
2.13,PE,Pristine,0.95,,28.0
2.07,PE,Pristine,0.95,,48.0
1.8,PE,Pristine,0.95,,125.0
2.07,PE,Pristine,0.95,,250.0
2.01,PE,Pristine,0.95,,590.0
1.78,PS,Pristine,1.05,,74.0
1.89,PVC,Pristine,1.4,,74.0
1.23,PS,Pristine,1.05,,75.0
0.95,PE,Pristine,0.95,,75.0
0.93,PVC,Pristine,1.4,,75.0
3.31,PS,Pristine,1.05,,75.0
2.95,PE,Pristine,0.95,,75.0
2.9,PVC,Pristine,1.4,,75.0
1.71,PP,Pristine,0.9,,117.29
1.73,PS,Pristine,1.05,,132.05
1.76,PVC,Pristine,1.4,,86.92
1.72,PE,Pristine,0.95,,149.1
2.04,PA,Pristine,1.14,,134.2
0.94,PP,Pristine,0.9,,117.29
0.98,PS,Pristine,1.05,,132.05
1.07,PVC,Pristine,1.4,,86.92
0.9,PE,Pristine,0.95,,149.1
1.29,PA,Pristine,1.14,,134.2
0.85,PP,Pristine,0.9,,117.29
0.89,PS,Pristine,1.05,,132.05
0.97,PVC,Pristine,1.4,,86.92
0.77,PE,Pristine,0.95,,149.1
0.92,PA,Pristine,1.14,,134.2
1.61,PA,Pristine,1.14,,134.2
0.55,PP,Pristine,0.9,,117.29
0.89,PS,Pristine,1.05,,132.05
0.88,PVC,Pristine,1.4,,86.92
0.79,PE,Pristine,0.95,,149.1
0.83,PA,Pristine,1.14,,134.2
0.81,PP,Pristine,0.9,,117.29
0.85,PS,Pristine,1.05,,132.05
0.88,PVC,Pristine,1.4,,86.92
0.77,PE,Pristine,0.95,,149.1
0.87,PA,Pristine,1.14,,134.2
0.7,PA,Pristine,1.14,,134.2
5.51,PE,Pristine,0.95,230.8,95.0
5.45,PE,Pristine,0.95,230.7,95.0
4.78,PE,Pristine,0.95,233.2,95.0
4.63,PE,Pristine,0.95,235.8,95.0
5.63,PE,Pristine,0.95,246.4,95.0
4.7,PE,Pristine,0.95,251.6,95.0
5.01,PE,Pristine,0.95,259.4,95.0
6.04,PE,Pristine,0.95,260.0,95.0
5.32,PE,Pristine,0.95,262.0,95.0
7.5,PE,Pristine,0.95,267.4,95.0
7.27,PE,Pristine,0.95,275.0,95.0
8.17,PE,Pristine,0.95,277.7,95.0
8.45,PE,Pristine,0.95,280.4,95.0
5.27,PE,Pristine,0.95,251.0,95.0
5.01,PE,Pristine,0.95,266.6,95.0
7.34,PE,Pristine,0.95,282.2,95.0
3.51,PVC,Pristine,1.4,,225.0
4.69,PVC,Pristine,1.4,,225.0
4.99,PVC,Pristine,1.4,,225.0
0.99,PE,Pristine,0.95,,225.0
2.67,PE,Pristine,0.95,,225.0
5.0,PE,Pristine,0.95,,225.0
4.42,PE,Pristine,0.95,,250.0
3.85,PP,Pristine,0.9,,250.0
5.41,PS,Pristine,1.05,,250.0
5.5,PE,Pristine,0.95,,250.0
4.74,PP,Pristine,0.9,,250.0
5.93,PS,Pristine,1.05,,250.0
4.75,PE,Pristine,0.95,,250.0
4.24,PP,Pristine,0.9,,250.0
5.63,PS,Pristine,1.05,,250.0
5.55,PE,Pristine,0.95,,250.0
4.75,PP,Pristine,0.9,,250.0
5.86,PS,Pristine,1.05,,250.0
6.37,PE,Pristine,0.95,,250.0
5.46,PP,Pristine,0.9,,250.0
6.65,PS,Pristine,1.05,,250.0
7.15,PE,Pristine,0.95,,250.0
6.05,PP,Pristine,0.9,,250.0
6.94,PS,Pristine,1.05,,250.0
7.85,PE,Pristine,0.95,,250.0
6.95,PP,Pristine,0.9,,250.0
7.54,PS,Pristine,1.05,,250.0
7.59,PE,Pristine,0.95,,250.0
6.64,PP,Pristine,0.9,,250.0
7.17,PS,Pristine,1.05,,250.0
2.39,PE,Pristine,0.95,,250.0
2.64,PP,Pristine,0.9,,250.0
3.21,PS,Pristine,1.05,,250.0
2.02,PE,Pristine,0.95,,250.0
2.13,PP,Pristine,0.9,,250.0
2.65,PS,Pristine,1.05,,250.0
2.31,PE,Pristine,0.95,,250.0
2.53,PP,Pristine,0.9,,250.0
3.3,PS,Pristine,1.05,,250.0
2.06,PE,Pristine,0.95,,250.0
2.18,PP,Pristine,0.9,,250.0
2.82,PS,Pristine,1.05,,250.0
4.61,PE,Pristine,0.96,,250.0
4.45,PP,Pristine,0.92,,250.0
5.12,PS,Pristine,1.09,,250.0
5.2,PE,Pristine,0.95,,250.0
4.96,PP,Pristine,0.9,,250.0
5.3,PS,Pristine,1.05,,250.0
4.56,PE,Pristine,0.95,4.37,225.0
3.29,PP,Pristine,0.9,1.56,225.0
3.36,PVC,Pristine,1.4,,225.0
3.37,PVC,Pristine,1.4,1.76,127.0
4.9,PE,Pristine,0.95,,25.0
5.4,PE,Pristine,0.95,,25.0
5.5,PE,Pristine,0.95,,25.0
5.9,PE,Pristine,0.95,,25.0
6.2,PE,Pristine,0.95,,25.0
6.1,PE,Pristine,0.95,,25.0
6.4,PE,Pristine,0.95,,25.0
6.3,PE,Pristine,0.95,,25.0
6.4,PE,Pristine,0.95,,25.0
6.6,PE,Pristine,0.95,,25.0
6.6,PE,Pristine,0.95,,25.0
6.9,PE,Pristine,0.95,,25.0
5.0,PE,Pristine,0.95,,25.0
4.7,PE,Pristine,0.95,,25.0
5.3,PE,Pristine,0.95,,25.0
5.2,PE,Pristine,0.95,,25.0
4.3,PE,Pristine,0.95,,25.0
4.3,PE,Pristine,0.95,,25.0
5.083,PE,Pristine,0.95,,25.0
5.301,PE,Pristine,0.95,,25.0
4.98,PP,Pristine,0.9,,3000.0
5.09,PP,Pristine,0.9,,3000.0
5.09,PP,Pristine,0.9,,3000.0
5.14,PP,Pristine,0.9,,3000.0
5.63,PP,Pristine,0.9,,3000.0
5.26,PP,Pristine,0.9,,3000.0
5.71,PP,Pristine,0.9,,3000.0
5.77,PP,Pristine,0.9,,3000.0
5.51,PP,Pristine,0.9,,3000.0
5.26,PP,Pristine,0.9,,3000.0
5.63,PP,Pristine,0.9,,3000.0
5.51,PP,Pristine,0.9,,3000.0
6.19,PP,Pristine,0.9,,3000.0
6.06,PP,Pristine,0.9,,3000.0
6.19,PP,Pristine,0.9,,3000.0
5.77,PP,Pristine,0.9,,3000.0
4.5,PE,Pristine,0.94,,125.0
4.21,PP,Pristine,0.91,,125.0
4.42,PS,Pristine,1.05,,125.0
2.75,PE,Pristine,0.95,0.2341,150.0
2.45,PE,Pristine,0.95,,150.0
1.95,PS,Pristine,1.05,,250.0
2.21,PVC,Pristine,1.4,,230.0
0.08,PE,Pristine,0.95,12.1,5000.0
2.78,PE,Pristine,0.95,12.1,5000.0
0.9,PE,Pristine,0.95,12.1,5000.0
1.27,PE,Aged,0.95,13.6,5000.0
3.0,PE,Aged,0.95,13.6,5000.0
1.77,PE,Aged,0.95,13.6,5000.0
-0.94,PS,Pristine,1.05,0.93,100.0
-0.14,PS,Pristine,1.05,0.93,100.0
4.37,PE,Pristine,0.95,2.088,154.35
4.37,PE,Pristine,0.95,2.088,154.35
4.34,PE,Pristine,0.95,2.088,154.35
3.9,PE,Pristine,0.95,2.088,154.35
3.74,PE,Pristine,0.95,2.088,154.35
4.06,PE,Pristine,0.95,2.088,154.35
4.46,PE,Pristine,0.95,2.088,154.35
4.6,PE,Pristine,0.95,2.088,154.35
4.26,PE,Pristine,0.95,2.088,154.35
4.66,PE,Pristine,0.95,2.088,154.35
4.36,PE,Pristine,0.95,2.088,154.35
4.43,PE,Pristine,0.95,2.088,154.35
3.92,PE,Pristine,0.95,0.66,132.5
4.24,PE,Pristine,0.95,0.66,132.5
3.74,PE,Pristine,0.95,0.66,132.5
3.94,PE,Pristine,0.95,0.66,132.5
4.31,PE,Pristine,0.95,0.66,132.5
4.44,PE,Pristine,0.95,0.66,132.5
4.36,PE,Pristine,0.95,0.66,132.5
4.65,PE,Pristine,0.95,0.66,132.5
4.38,PE,Pristine,0.95,0.66,132.5
4.65,PE,Pristine,0.95,0.66,132.5
4.25,PE,Pristine,0.95,0.66,132.5
4.78,PE,Pristine,0.95,0.66,132.5
3.9,PE,Pristine,0.95,5.791,301.0
4.21,PE,Pristine,0.95,5.791,301.0
3.74,PE,Pristine,0.95,5.791,301.0
4.08,PE,Pristine,0.95,5.791,301.0
4.21,PE,Pristine,0.95,5.791,301.0
4.45,PE,Pristine,0.95,5.791,301.0
4.48,PE,Pristine,0.95,5.791,301.0
4.61,PE,Pristine,0.95,5.791,301.0
4.55,PE,Pristine,0.95,5.791,301.0
4.64,PE,Pristine,0.95,5.791,301.0
4.6,PE,Pristine,0.95,5.791,301.0
4.81,PE,Pristine,0.95,5.791,301.0
1.16,PET,Pristine,1.38,0.864,150.0
1.2,PET,Pristine,1.38,0.864,150.0
1.17,PET,Pristine,1.38,0.864,150.0
1.61,PET,Pristine,1.38,0.864,150.0
1.48,PET,Pristine,1.38,0.864,150.0
1.39,PET,Pristine,1.38,0.864,150.0
1.16,PET,Pristine,1.38,0.864,150.0
0.89,PET,Pristine,1.38,0.864,150.0
0.8,PET,Pristine,1.38,0.864,150.0
4.01,PS,Pristine,1.05,,0.2
3.71,PS,Pristine,1.05,,0.5
1.18,PE,Pristine,0.94,,150.0
3.26,PE,Pristine,0.94,,150.0
3.19,PE,Pristine,0.94,,150.0
0.76,PE,Pristine,0.94,,150.0
2.59,PE,Pristine,0.94,,150.0
3.91,PE,Pristine,0.94,,150.0
0.86,PE,Pristine,0.94,,150.0
1.81,PE,Pristine,0.94,,150.0
0.96,PE,Pristine,0.94,,150.0
2.1,PE,Pristine,0.94,,150.0
3.36,PE,Pristine,0.94,,150.0
3.16,PE,Pristine,0.94,,150.0
1.67,PE,Pristine,0.94,,150.0
1.47,PE,Pristine,0.94,,150.0
2.42,PE,Pristine,0.94,,150.0
2.23,PE,Pristine,0.94,,150.0
3.2,PE,Pristine,0.94,,150.0
2.55,PE,Pristine,0.94,,150.0
0.66,PS,Pristine,1.05,,150.0
4.02,PS,Pristine,1.05,,150.0
3.64,PS,Pristine,1.05,,150.0
0.83,PS,Pristine,1.05,,150.0
2.83,PS,Pristine,1.05,,150.0
3.28,PS,Pristine,1.05,,150.0
0.25,PS,Pristine,1.05,,150.0
0.93,PS,Pristine,1.05,,150.0
2.15,PS,Pristine,1.05,,150.0
3.22,PS,Pristine,1.05,,150.0
3.03,PS,Pristine,1.05,,150.0
1.63,PS,Pristine,1.05,,150.0
1.45,PS,Pristine,1.05,,150.0
3.35,PS,Pristine,1.05,,150.0
2.73,PS,Pristine,1.05,,150.0
3.29,PS,Pristine,1.05,,150.0
3.22,PS,Pristine,1.05,,150.0
2.23,PBS,Pristine,1.26,,150.0
3.88,PBS,Pristine,1.26,,150.0
3.64,PBS,Pristine,1.26,,150.0
3.17,PBS,Pristine,1.26,,150.0
3.11,PBS,Pristine,1.26,,150.0
4.45,PBS,Pristine,1.26,,150.0
2.15,PBS,Pristine,1.26,,150.0
2.3,PBS,Pristine,1.26,,150.0
2.88,PBS,Pristine,1.26,,150.0
3.28,PBS,Pristine,1.26,,150.0
3.78,PBS,Pristine,1.26,,150.0
3.52,PBS,Pristine,1.26,,150.0
3.35,PBS,Pristine,1.26,,150.0
2.4,PBS,Pristine,1.26,,150.0
2.98,PBS,Pristine,1.26,,150.0
2.62,PBS,Pristine,1.26,,150.0
3.78,PBS,Pristine,1.26,,150.0
2.8,PBS,Pristine,1.26,,
2.16,PCL,Pristine,1.15,,150.0
3.93,PCL,Pristine,1.15,,150.0
3.91,PCL,Pristine,1.15,,150.0
2.37,PCL,Pristine,1.15,,150.0
3.29,PCL,Pristine,1.15,,150.0
4.68,PCL,Pristine,1.15,,150.0
2.3,PCL,Pristine,1.15,,150.0
2.29,PCL,Pristine,1.15,,150.0
3.0,PCL,Pristine,1.15,,150.0
3.42,PCL,Pristine,1.15,,150.0
3.95,PCL,Pristine,1.15,,150.0
3.7,PCL,Pristine,1.15,,150.0
3.52,PCL,Pristine,1.15,,150.0
2.49,PCL,Pristine,1.15,,150.0
3.16,PCL,Pristine,1.15,,150.0
2.94,PCL,Pristine,1.15,,150.0
4.04,PCL,Pristine,1.15,,150.0
2.97,PCL,Pristine,1.15,,150.0
2.81,PS,Pristine,1.05,,9.5
2.82,PS,Pristine,1.05,,9.5
2.68,PS,Pristine,1.05,,9.5
3.04,PP,Aged,0.91,,180.0
1.82,PE,Pristine,0.95,,100.0
1.13,PE,Pristine,0.95,0.2354,105.0
1.77,PE,Pristine,0.95,0.2354,105.0
3.86,PE,Pristine,0.95,6.91,125.0
3.38,PS,Pristine,1.05,2.35,125.0
3.37,PVC,Pristine,1.4,1.87,125.0
2.93,PE,Pristine,0.95,1.19,225.0
2.44,PS,Pristine,1.05,0.73,313.0
3.51,PVC,Pristine,1.4,,225.0
3.88,PVC,Pristine,1.4,,225.0
3.06,PVC,Pristine,1.4,,225.0
4.86,PVC,Pristine,1.4,,225.0
4.69,PE,Pristine,1.4,,225.0
4.28,PE,Pristine,1.4,,225.0
4.93,PE,Pristine,1.4,,225.0
4.96,PE,Pristine,1.4,,225.0
4.23,PS,Pristine,1.05,,0.1219
4.42,PS,Pristine,1.05,,0.1219
4.34,PS,Pristine,1.05,,0.1219
3.26,PE,Pristine,0.95,6.91,125.0
3.24,PE,Pristine,0.95,6.91,125.0
3.2,PE,Pristine,0.95,6.91,125.0
3.18,PE,Pristine,0.95,6.91,125.0
3.18,PE,Pristine,0.95,6.91,125.0
2.34,PS,Pristine,1.05,2.35,125.0
2.3,PS,Pristine,1.05,2.35,125.0
2.28,PS,Pristine,1.05,2.35,125.0
2.25,PS,Pristine,1.05,2.35,125.0
2.25,PS,Pristine,1.05,2.35,125.0
2.32,PVC,Pristine,1.4,1.87,125.0
2.26,PVC,Pristine,1.4,1.87,125.0
2.23,PVC,Pristine,1.4,1.87,125.0
2.19,PVC,Pristine,1.4,1.87,125.0
2.19,PVC,Pristine,1.4,1.87,125.0
1.5,PS,Pristine,1.05,0.32,50.4
2.87,PVC,Pristine,1.4,,140.0
2.33,PS,Pristine,1.05,3.09,100.0
2.33,PS,Pristine,1.05,3.83,100.0
2.08,PE,Pristine,0.95,3.09,100.0
2.09,PE,Pristine,0.95,3.83,100.0
1.05,PS,Pristine,1.05,,4000.0
1.64,PS,Pristine,1.05,2.03,725.0
2.65,PS,Aged,1.05,2.03,725.0
4.01,PE,Pristine,0.96,0.49,180.0
4.79,PA,Pristine,1.14,0.544,29.7
3.37,PE,Pristine,0.955,0.415,54.4
2.91,PE,Pristine,0.94,0.428,510.9
2.05,PP,Pristine,0.91,0.964,144.4
1.64,PE,Pristine,0.93,0.257,150.0
1.62,PE,Pristine,0.92,0.843,9.5
1.45,PS,Pristine,1.05,0.343,59.0
1.39,PC,Pristine,1.2,0.319,21.4
1.15,PVC,Pristine,1.4,1.03,80.0
1.2,PMMA,Pristine,1.18,0.164,350.0
0.9,PVC,Pristine,1.4,,75.0
2.9,PVC,Pristine,1.4,,75.0
0.95,PE,Pristine,0.95,7.158,75.0
2.95,PE,Pristine,0.95,7.158,75.0
1.23,PS,Pristine,1.05,,75.0
3.31,PS,Pristine,1.05,,75.0
2.13,PE,Pristine,0.95,,28.0
2.07,PE,Pristine,0.95,,48.0
1.8,PE,Pristine,0.95,,125.0
2.07,PE,Pristine,0.95,,250.0
2.01,PE,Pristine,0.95,,590.0
1.78,PS,Pristine,1.05,,74.0
1.89,PVC,Pristine,1.4,,74.0
1.31,PVC,Pristine,1.4,0.196,200.0
1.22,PVC,Pristine,1.4,0.196,200.0
0.96,PS,Pristine,1.05,0.165,200.0
1.21,PS,Pristine,1.05,0.165,200.0
0.81,PE,Pristine,0.95,0.544,200.0
0.93,PE,Pristine,0.95,0.544,200.0
0.72,PP,Pristine,,0.322,200.0
0.84,PP,Pristine,,0.322,200.0
1.11,PE,Pristine,0.94,0.428,510.9
0.87,PE,Pristine,0.93,0.257,150.0
1.15,PE,Pristine,0.955,0.415,54.4
0.3,PP,Pristine,0.91,0.964,144.4
1.28,PS,Pristine,1.05,0.343,59.0
-0.25,PVC,Pristine,1.4,1.03,80.0
4.94,PA,Pristine,1.14,0.544,29.7
0.19,PMMA,Pristine,1.18,0.164,350.0
0.68,PET,Pristine,1.38,,
3.06,PU,Pristine,1.25,,
2.93,PET,Pristine,1.38,,2000.0
1.5,PET,Pristine,1.38,,2000.0
1.65,PET,Pristine,1.38,,2000.0
1.16,PET,Pristine,1.38,,2000.0
2.45,PET,Pristine,1.38,,2000.0
1.51,PET,Pristine,1.38,,2000.0
2.44,PET,Pristine,1.38,,2000.0
0.84,PET,Pristine,1.38,,2000.0
3.13,PET,Pristine,1.38,,2000.0
4.56,PE,Pristine,0.95,4.37,225.0
3.29,PP,Pristine,0.9,1.56,225.0
3.36,PVC,Pristine,1.4,,225.0
3.37,PVC,Pristine,1.4,1.76,127.0
3.52,PS,Pristine,1.05,0.4,170.0
3.61,PS,Pristine,1.05,0.9,102.0
3.62,PS,Pristine,1.05,1.3,50.0
3.74,PS,Pristine,1.05,1.4,30.0
4.1,PS,Pristine,1.05,7.2,0.8
4.2,PS,Pristine,1.05,24.6,0.235
4.27,PS,Pristine,1.05,63.4,0.05
1.73,PS,Pristine,1.05,0.4,170.0
2.15,PS,Pristine,1.05,0.9,102.0
2.43,PS,Pristine,1.05,1.3,50.0
2.57,PS,Pristine,1.05,1.4,30.0
2.84,PS,Pristine,1.05,7.2,0.8
3.19,PS,Pristine,1.05,24.6,0.235
3.19,PS,Pristine,1.05,63.4,0.05
2.35,PS,Pristine,1.05,1.79,550.0
2.49,PS,Pristine,1.05,2.57,250.0
2.59,PS,Pristine,1.05,3.63,75.0
2.75,PS,Pristine,1.05,21.55,5.0
2.84,PS,Pristine,1.05,28.97,0.5
2.13,PE,Pristine,0.95,1.64,550.0
2.33,PE,Pristine,0.95,1.9,250.0
2.45,PE,Pristine,0.95,2.87,75.0
1.93,PP,Pristine,0.9,1.55,550.0
2.28,PP,Pristine,0.9,1.84,250.0
2.48,PP,Pristine,0.9,3.33,75.0
4.84,PBAT,Pristine,1.26,2.21,2338.0
4.17,PE,Pristine,0.95,4.4,2628.0
4.13,PE,Pristine,0.95,2.47,400.0
3.15,PS,Pristine,1.05,0.92,250.0
2.82,PE,Pristine,0.95,,46.5
3.34,PE,Pristine,0.95,,46.5
3.5,PE,Pristine,0.95,,46.5
2.34,PS,Pristine,1.05,,75.0
2.47,PVC,Pristine,1.4,,75.0
3.65,PE,Pristine,0.95,2.088,154.35
3.8,PE,Pristine,0.95,2.088,154.35
3.57,PE,Pristine,0.95,2.088,154.35
3.89,PE,Pristine,0.95,2.088,154.35
4.22,PE,Pristine,0.95,2.088,154.35
4.3,PE,Pristine,0.95,2.088,154.35
4.82,PE,Pristine,0.95,2.088,154.35
4.82,PE,Pristine,0.95,2.088,154.35
3.62,PE,Pristine,0.95,0.248,3000.0
3.55,PE,Pristine,0.95,0.248,3000.0
3.8,PE,Pristine,0.95,0.248,3000.0
3.68,PE,Pristine,0.95,0.248,3000.0
4.02,PE,Pristine,0.95,0.248,3000.0
4.03,PE,Pristine,0.95,0.248,3000.0
4.32,PE,Pristine,0.95,0.248,3000.0
4.19,PE,Pristine,0.95,0.248,3000.0
3.92,PE,Pristine,0.95,0.66,219.0
4.04,PE,Pristine,0.95,0.66,219.0
4.0,PE,Pristine,0.95,0.66,219.0
4.3,PE,Pristine,0.95,0.66,219.0
4.09,PE,Pristine,0.95,0.66,219.0
4.56,PE,Pristine,0.95,0.66,219.0
4.94,PE,Pristine,0.95,0.66,219.0
4.63,PE,Pristine,0.95,0.66,219.0
4.12,PE,Pristine,0.95,5.781,219.0
3.98,PE,Pristine,0.95,5.781,219.0
3.98,PE,Pristine,0.95,5.781,219.0
3.81,PE,Pristine,0.95,5.781,219.0
4.15,PE,Pristine,0.95,5.781,219.0
4.56,PE,Pristine,0.95,5.781,219.0
5.12,PE,Pristine,0.95,5.781,219.0
5.12,PE,Pristine,0.95,5.781,219.0
4.05,PET,Pristine,1.38,0.164,3000.0
4.08,PET,Pristine,1.38,0.164,3000.0
4.08,PET,Pristine,1.38,0.164,3000.0
4.12,PET,Pristine,1.38,0.164,3000.0
4.39,PET,Pristine,1.38,0.164,3000.0
4.05,PET,Pristine,1.38,0.164,3000.0
4.98,PET,Pristine,1.38,0.164,3000.0
4.99,PET,Pristine,1.38,0.164,3000.0
3.47,PP,Pristine,0.9,,3000.0
3.44,PP,Pristine,0.9,,3000.0
3.65,PP,Pristine,0.9,,3000.0
3.59,PP,Pristine,0.9,,3000.0
3.7,PP,Pristine,0.9,,3000.0
3.74,PP,Pristine,0.9,,3000.0
3.77,PP,Pristine,0.9,,3000.0
3.83,PP,Pristine,0.9,,3000.0
2.93,PLA,Pristine,1.25,0.094,3000.0
2.99,PLA,Pristine,1.25,0.094,3000.0
2.85,PLA,Pristine,1.25,0.094,3000.0
2.86,PLA,Pristine,1.25,0.094,3000.0
2.92,PLA,Pristine,1.25,0.094,3000.0
2.92,PLA,Pristine,1.25,0.094,3000.0
3.12,PLA,Pristine,1.25,0.094,3000.0
3.13,PLA,Pristine,1.25,0.094,3000.0
3.89,PE,Pristine,0.95,0.129,220.0
3.65,PE,Pristine,0.95,0.042,220.0
3.42,PE,Pristine,0.95,0.027,220.0
3.92,PE,Pristine,0.95,0.248,220.0
3.89,PE,Pristine,0.95,0.107,220.0
3.81,PE,Pristine,0.95,0.085,220.0
3.42,PE,Pristine,0.95,0.129,220.0
1.76,PA,Pristine,1.14,0.129,220.0
3.41,PA,Pristine,1.14,,220.0
3.38,PA,Pristine,1.14,,220.0
1.53,PA,Pristine,1.14,,220.0
4.18,PE,Pristine,0.95,0.352,50.0
2.01,PE,Pristine,0.95,0.352,50.0
2.55,PE,Pristine,0.95,0.352,50.0
4.06,PE,Pristine,0.92,1.579,12.0
1.57,PE,Pristine,0.92,1.579,12.0
2.87,PE,Pristine,0.92,1.579,12.0
4.35,PVC,Pristine,1.38,3.944,2.0
2.97,PVC,Pristine,1.38,3.944,2.0
3.06,PVC,Pristine,1.38,3.944,2.0
4.25,PP,Pristine,0.91,3.327,59.0
3.19,PP,Pristine,0.91,3.327,59.0
4.05,PP,Pristine,0.91,3.327,59.0
2.8,PS,Pristine,1.06,0.482,261.0
2.26,PS,Pristine,1.06,0.482,261.0
2.79,PS,Pristine,1.06,0.482,261.0
3.02,PP,Pristine,0.9,,637.5
2.7,PP,Pristine,0.9,,637.5
3.06,PA,Pristine,1.14,0.3,350.0
3.29,PA,Pristine,1.14,0.3,350.0
3.1,PA,Pristine,1.14,0.3,350.0
3.02,PA,Pristine,1.14,0.3,350.0
2.72,PA,Pristine,1.14,0.3,350.0
2.77,PA,Pristine,1.14,0.3,350.0
5.18,PBS,Pristine,1.26,0.04,175.0
4.28,PBS,Pristine,1.26,0.04,175.0
2.26,PS,Pristine,1.05,0.19,175.0
2.81,PBS,Pristine,1.26,0.04,175.0
1.94,PBS,Pristine,1.26,0.04,175.0
5.21,PCL,Pristine,1.15,,175.0
4.56,PCL,Pristine,1.15,,175.0
2.95,PBS,Pristine,1.26,0.04,175.0
2.77,PCL,Pristine,1.15,,175.0
1.82,PCL,Pristine,1.15,,175.0
3.03,PCL,Pristine,1.15,,175.0
3.03,PU,Pristine,1.2,0.1,175.0
1.95,PU,Pristine,1.2,0.1,175.0
4.11,PS,Pristine,1.05,0.19,175.0
2.8,PS,Pristine,1.05,0.19,175.0
3.27,PU,Pristine,1.2,0.1,175.0
2.79,PS,Pristine,1.05,0.19,175.0
3.91,PS,Pristine,1.05,19.48,0.055
3.95,PS,Pristine,1.05,19.48,0.055
0.19,PE,Pristine,0.92,0.3884,94.0
0.17,PE,Pristine,0.92,0.3884,94.0
0.14,PE,Pristine,0.92,0.3884,94.0
-0.73,PE,Pristine,0.92,0.3884,94.0
-0.56,PE,Pristine,0.92,0.3884,94.0
1.66,PE,Pristine,0.92,0.3884,94.0
2.39,PE,Pristine,0.92,0.3884,94.0
-0.18,PE,Pristine,0.94,0.3548,94.0
0.12,PE,Pristine,0.94,0.3548,94.0
0.3,PE,Pristine,0.94,0.3548,94.0
-1.02,PE,Pristine,0.94,0.3548,94.0
-0.72,PE,Pristine,0.94,0.3548,94.0
-1.05,PP,Pristine,0.9,0.4836,94.0
0.19,PP,Pristine,0.9,0.4836,94.0
0.33,PP,Pristine,0.9,0.4836,94.0
-0.74,PP,Pristine,0.9,0.4836,94.0
-1.05,PP,Pristine,0.9,0.4836,94.0
0.19,PP,Pristine,0.9,0.4836,94.0
2.29,PP,Pristine,0.9,0.4836,94.0
-0.15,PVC,Pristine,1.4,0.6929,94.0
-0.25,PVC,Pristine,1.4,0.6929,94.0
0.26,PVC,Pristine,1.4,0.6929,94.0
-0.85,PVC,Pristine,1.4,0.6929,94.0
-0.85,PVC,Pristine,1.4,0.6929,94.0
-0.85,PVC,Pristine,1.4,0.6929,94.0
1.35,PVC,Pristine,1.4,0.6929,94.0
2.41,PVC,Pristine,1.4,0.6929,94.0
2.09,PE,Pristine,0.92,,4000.0
2.36,PE,Pristine,0.92,,4000.0
2.41,PE,Pristine,0.92,,4000.0
1.97,PP,Pristine,0.93,0.0004,4000.0
2.45,PP,Pristine,0.93,0.0004,4000.0
2.51,PP,Pristine,0.93,0.0004,4000.0
2.56,PA,Pristine,1.12,0.0017,4000.0
2.67,PA,Pristine,1.12,0.0017,4000.0
2.73,PA,Pristine,1.12,0.0017,4000.0
2.32,PS,Pristine,0.85,0.0054,4000.0
2.59,PS,Pristine,0.85,0.0054,4000.0
2.64,PS,Pristine,0.85,0.0054,4000.0
2.51,PA,Pristine,1.14,,125.0
1.46,PE,Pristine,0.95,,125.0
1.49,PS,Pristine,1.05,,125.0
1.49,PET,Pristine,1.38,,125.0
1.59,PVC,Pristine,1.4,,125.0
1.44,PP,Pristine,0.9,,125.0
2.77,PE,Pristine,0.95,1.0159,161.0
2.95,PP,Pristine,0.9,0.2218,218.0
3.38,PS,Pristine,1.05,1.9241,103.0
3.91,PVC,Pristine,1.4,2.6334,120.0
0.85,PE,Pristine,0.95,,25.0
1.18,PE,Pristine,0.95,,25.0
3.31,PE,Pristine,0.95,,25.0
1.12,PE,Pristine,0.95,,25.0
0.82,PE,Pristine,0.95,,25.0
1.49,PE,Pristine,0.95,,25.0
3.44,PE,Pristine,0.95,,25.0
1.07,PE,Pristine,0.95,,25.0
0.18,PE,Pristine,0.95,,25.0
0.63,PE,Pristine,0.95,,25.0
2.5,PE,Pristine,0.95,,25.0
0.51,PE,Pristine,0.95,,25.0
0.92,PE,Pristine,0.95,,25.0
1.1,PE,Pristine,0.95,,25.0
3.25,PE,Pristine,0.95,,25.0
1.07,PE,Pristine,0.95,,25.0
0.38,PE,Pristine,0.95,,25.0
1.4,PE,Pristine,0.95,,25.0
3.45,PE,Pristine,0.95,,25.0
1.04,PE,Pristine,0.95,,25.0
-0.24,PE,Pristine,0.95,,25.0
0.61,PE,Pristine,0.95,,25.0
2.42,PE,Pristine,0.95,,25.0
0.09,PE,Pristine,0.95,,25.0
0.76,PS,Pristine,1.05,,25.0
0.91,PS,Pristine,1.05,,25.0
3.16,PS,Pristine,1.05,,25.0
0.94,PS,Pristine,1.05,,25.0
0.42,PS,Pristine,1.05,,25.0
1.47,PS,Pristine,1.05,,25.0
3.42,PS,Pristine,1.05,,25.0
1.1,PS,Pristine,1.05,,25.0
0.23,PS,Pristine,1.05,,25.0
0.4,PS,Pristine,1.05,,25.0
2.72,PS,Pristine,1.05,,25.0
0.87,PS,Pristine,1.05,,25.0
0.18,PP,Pristine,0.9,,25.0
0.35,PP,Pristine,0.9,,25.0
2.74,PP,Pristine,0.9,,25.0
0.61,PP,Pristine,0.9,,25.0
0.16,PP,Pristine,0.9,,25.0
1.04,PP,Pristine,0.9,,25.0
3.19,PP,Pristine,0.9,,25.0
0.4,PP,Pristine,0.9,,25.0
-0.2,PP,Pristine,0.9,,25.0
0.23,PP,Pristine,0.9,,25.0
2.13,PP,Pristine,0.9,,25.0
0.16,PP,Pristine,0.9,,25.0
3.1,PBS,Pristine,1.26,0.601,112.5
2.36,PE,Pristine,0.95,0.553,112.5
2.32,PVC,Pristine,1.4,0.144,112.5
3.94,PE,Pristine,0.95,,2500.0
4.09,PE,Pristine,0.95,,2500.0
2.39,PP,Pristine,0.9,,2000.0
2.53,PP,Pristine,0.9,,2000.0
3.87,POM,Pristine,1.41,,2500.0
4.02,POM,Pristine,1.41,,2500.0
-0.04,PP,Pristine,0.9,,4000.0
0.29,PP,Pristine,0.9,,4000.0
0.45,PP,Pristine,0.9,,4000.0
0.77,PP,Pristine,0.9,,4000.0
1.38,PP,Pristine,0.9,,4000.0
1.87,PP,Pristine,0.9,,4000.0
2.25,PP,Pristine,0.9,,4000.0
2.29,PP,Pristine,0.9,,4000.0
2.11,PP,Pristine,0.9,,4000.0
0.57,PP,Aged,0.9,,4000.0
0.78,PP,Aged,0.9,,4000.0
0.87,PP,Aged,0.9,,4000.0
1.15,PP,Aged,0.9,,4000.0
1.51,PP,Aged,0.9,,4000.0
1.9,PP,Aged,0.9,,4000.0
2.23,PP,Aged,0.9,,4000.0
2.24,PP,Aged,0.9,,4000.0
2.12,PP,Aged,0.9,,4000.0
1.03,PS,Pristine,1.05,,3500.0
1.39,PS,Pristine,1.05,,3500.0
1.62,PS,Pristine,1.05,,3500.0
1.57,PS,Pristine,1.05,,3500.0
1.28,PS,Pristine,1.05,,3500.0
0.7,PS,Aged,1.05,,3500.0
1.16,PS,Aged,1.05,,3500.0
1.42,PS,Aged,1.05,,3500.0
1.34,PS,Aged,1.05,,3500.0
1.04,PS,Aged,1.05,,3500.0
4.1,PS,Pristine,1.05,,10.0
3.8,PS,Pristine,1.05,,10.0
4.09,PS,Pristine,1.05,,10.0
3.94,PS,Pristine,1.05,,10.0
3.82,PS,Pristine,1.05,,10.0
3.99,PS,Pristine,1.05,,10.0
3.82,PS,Pristine,1.05,,10.0
4.02,PS,Pristine,1.05,,10.0
3.68,PS,Pristine,1.05,,10.0
3.68,PS,Pristine,1.05,,10.0
3.46,PET,Aged,1.4,,2700.0
3.24,PS,Aged,1.1,,3100.0
4.0,PVC,Aged,1.4,,4300.0
2.89,PP,Aged,0.9,,3400.0
4.52,PVC,Pristine,1.4,,225.0
3.36,PVC,Pristine,1.4,,225.0
4.71,PVC,Pristine,1.4,,225.0
4.71,PVC,Pristine,1.4,,225.0
4.56,PVC,Pristine,1.4,,225.0
8.51,PVC,Pristine,1.4,,225.0
9.17,PVC,Pristine,1.4,,225.0
8.1,PVC,Pristine,1.4,,225.0
6.44,PVC,Pristine,1.4,,225.0
7.01,PVC,Pristine,1.4,,225.0
5.22,PE,Pristine,0.95,,225.0
5.56,PE,Pristine,0.95,,225.0
6.14,PE,Pristine,0.95,,225.0
7.59,PE,Pristine,0.95,,225.0
6.3,PE,Pristine,0.95,,225.0
7.47,PE,Pristine,0.95,,225.0
8.18,PE,Pristine,0.95,,225.0
8.1,PE,Pristine,0.95,,225.0
6.47,PE,Pristine,0.95,,225.0
9.48,PE,Pristine,0.95,,225.0
3.38,PE,Pristine,0.96,0.025,530.0
2.51,PE,Aged,0.96,0.019,530.0
4.5,PP,Pristine,0.9,0.025,545.0
4.52,PP,Aged,0.9,0.015,545.0
0.69,PS,Pristine,1.05,,725.0
0.81,PS,Pristine,1.05,0.4044,367.5
0.89,PS,Pristine,1.05,0.3736,242.0
1.18,PS,Pristine,1.05,0.7214,125.0
2.46,PLA,Pristine,1.25,,685.23
2.27,PLA,Aged,1.25,,478.62
3.22,PLA,Aged,1.25,,478.62
2.33,PLA,Aged,1.25,,478.62
2.03,PP,Pristine,0.9,,515.42
2.09,PP,Aged,0.9,,331.58
2.11,PP,Aged,0.9,,331.58
2.76,PP,Aged,0.9,,331.58
