logKd,MPs types,Ageing_Status,Water Type,Plastic Density,SSA,Particle Size,LogKow,E,S,A,B,V,PH,Salinity,Temperature
1.56,PE,Aged,Freshwater,0.95,,750.0,0.76,2.13,2.53,0.59,1.53,2.0043,7.0,0.0,25.0
1.49,PS,Aged,Freshwater,1.05,,750.0,0.76,2.13,2.53,0.59,1.53,2.0043,7.0,0.0,25.0
1.54,PS,Aged,Freshwater,1.05,,750.0,0.48,1.89,2.23,0.58,1.29,1.7244,7.0,0.0,25.0
3.21,PE,Pristine,Freshwater,0.95,,280.0,4.35,2.06,1.29,0.0,0.29,1.4544,6.95,0.0026,25.0
2.4,PE,Pristine,Freshwater,0.95,,280.0,2.36,0.87,1.11,0.0,0.28,1.0315,6.95,0.0026,25.0
2.91,PE,Pristine,Freshwater,0.95,,280.0,3.17,1.34,0.92,0.0,0.2,1.0854,6.95,0.0026,25.0
2.1,PE,Pristine,Freshwater,0.95,,280.0,1.81,0.87,1.11,0.0,0.28,0.8906,6.95,0.0026,25.0
1.83,PE,Pristine,Freshwater,0.95,,280.0,1.63,1.15,1.6,0.0,0.47,1.0648,6.95,0.0026,25.0
2.57,PE,Pristine,Freshwater,0.95,,280.0,2.36,0.87,1.11,0.0,0.28,1.0315,6.95,0.0026,25.0
2.67,PE,Pristine,Freshwater,0.95,,280.0,2.8,0.96,0.82,0.54,0.17,1.0199,6.95,0.0026,25.0
3.86,PE,Pristine,Freshwater,0.95,,280.0,4.57,1.18,0.92,0.0,0.0,1.206,6.95,0.0026,25.0
2.19,PE,Pristine,Freshwater,0.95,,280.0,2.94,1.68,1.79,0.0,1.24,2.1452,6.95,0.0026,25.0
1.72,PE,Pristine,Freshwater,0.95,,280.0,0.64,2.21,2.21,0.86,0.75,1.5757,6.95,0.0026,25.0
2.45,PE,Pristine,Freshwater,0.95,,280.0,2.27,1.28,1.63,0.0,0.42,1.1872,6.95,0.0026,25.0
2.33,PE,Pristine,Freshwater,0.95,,280.0,2.18,1.15,1.58,0.0,0.49,1.2057,6.95,0.0026,25.0
3.52,CPE,Pristine,Freshwater,1.2,,280.0,3.17,1.34,0.92,0.0,0.2,1.0854,6.95,0.0026,25.0
2.56,CPE,Pristine,Freshwater,1.2,,280.0,2.27,1.28,1.63,0.0,0.42,1.1872,6.95,0.0026,25.0
2.21,CPE,Pristine,Freshwater,1.2,,280.0,1.81,0.87,1.11,0.0,0.28,0.8906,6.95,0.0026,25.0
1.96,CPE,Pristine,Freshwater,1.2,,280.0,1.63,1.15,1.6,0.0,0.47,1.0648,6.95,0.0026,25.0
2.7,CPE,Pristine,Freshwater,1.2,,280.0,2.8,0.96,0.82,0.54,0.17,1.0199,6.95,0.0026,25.0
2.5,CPE,Pristine,Freshwater,1.2,,280.0,2.18,1.15,1.58,0.0,0.49,1.2057,6.95,0.0026,25.0
4.77,CPE,Pristine,Freshwater,1.2,,280.0,4.57,1.18,0.92,0.0,0.0,1.206,6.95,0.0026,25.0
2.0,CPE,Pristine,Freshwater,1.2,,280.0,2.94,1.68,1.79,0.0,1.24,2.1452,6.95,0.0026,25.0
1.74,CPE,Pristine,Freshwater,1.2,,280.0,0.64,2.21,2.21,0.86,0.75,1.5757,6.95,0.0026,25.0
4.91,CPE,Pristine,Freshwater,1.2,,280.0,4.35,2.06,1.29,0.0,0.29,1.4544,6.95,0.0026,25.0
2.55,CPE,Pristine,Freshwater,1.2,,280.0,2.36,0.87,1.11,0.0,0.28,1.0315,6.95,0.0026,25.0
2.59,CPE,Pristine,Freshwater,1.2,,280.0,2.36,0.87,1.11,0.0,0.28,1.0315,6.95,0.0026,25.0
2.13,PE,Pristine,DI,0.95,,28.0,-0.18,3.5,3.6,1.35,3.29,3.0992,5.5,0.0,25.0
2.07,PE,Pristine,DI,0.95,,48.0,-0.18,3.5,3.6,1.35,3.29,3.0992,5.5,0.0,25.0
1.8,PE,Pristine,DI,0.95,,125.0,-0.18,3.5,3.6,1.35,3.29,3.0992,5.5,0.0,25.0
2.07,PE,Pristine,DI,0.95,,250.0,-0.18,3.5,3.6,1.35,3.29,3.0992,5.5,0.0,25.0
2.01,PE,Pristine,DI,0.95,,590.0,-0.18,3.5,3.6,1.35,3.29,3.0992,5.5,0.0,25.0
1.78,PS,Pristine,DI,1.05,,74.0,-0.18,3.5,3.6,1.35,3.29,3.0992,5.5,0.0,25.0
1.89,PVC,Pristine,DI,1.4,,74.0,-0.18,3.5,3.6,1.35,3.29,3.0992,5.5,0.0,25.0
1.23,PS,Pristine,DI,1.05,,75.0,2.71,0.73,1.39,0.0,0.89,1.7106,6.0,0.0,25.0
0.95,PE,Pristine,DI,0.95,,75.0,2.71,0.73,1.39,0.0,0.89,1.7106,6.0,0.0,25.0
0.93,PVC,Pristine,DI,1.4,,75.0,2.71,0.73,1.39,0.0,0.89,1.7106,6.0,0.0,25.0
3.31,PS,Pristine,DI,1.05,,75.0,4.67,0.7,1.27,0.0,0.95,2.2742,6.0,0.0,25.0
2.95,PE,Pristine,DI,0.95,,75.0,4.67,0.7,1.27,0.0,0.95,2.2742,6.0,0.0,25.0
2.9,PVC,Pristine,DI,1.4,,75.0,4.67,0.7,1.27,0.0,0.95,2.2742,6.0,0.0,25.0
1.71,PP,Pristine,DI,0.9,,117.29,0.0,2.2,2.34,0.7,2.52,2.3047,7.0,0.0,25.0
1.73,PS,Pristine,DI,1.05,,132.05,0.0,2.2,2.34,0.7,2.52,2.3047,7.1,0.0,25.0
1.76,PVC,Pristine,DI,1.4,,86.92,0.0,2.2,2.34,0.7,2.52,2.3047,7.1,0.0,25.0
1.72,PE,Pristine,DI,0.95,,149.1,0.0,2.2,2.34,0.7,2.52,2.3047,6.9,0.0,25.0
2.04,PA,Pristine,DI,1.14,,134.2,0.0,2.2,2.34,0.7,2.52,2.3047,6.7,0.0,25.0
0.94,PP,Pristine,DI,0.9,,117.29,0.73,1.89,2.5,0.21,1.69,2.1813,7.0,0.0,25.0
0.98,PS,Pristine,DI,1.05,,132.05,0.73,1.89,2.5,0.21,1.69,2.1813,7.1,0.0,25.0
1.07,PVC,Pristine,DI,1.4,,86.92,0.73,1.89,2.5,0.21,1.69,2.1813,7.1,0.0,25.0
0.9,PE,Pristine,DI,0.95,,149.1,0.73,1.89,2.5,0.21,1.69,2.1813,6.9,0.0,25.0
1.29,PA,Pristine,DI,1.14,,134.2,0.73,1.89,2.5,0.21,1.69,2.1813,6.7,0.0,25.0
0.85,PP,Pristine,DI,0.9,,117.29,-0.34,2.08,2.55,0.65,1.37,1.7225,7.0,0.0,25.0
0.89,PS,Pristine,DI,1.05,,132.05,-0.34,2.08,2.55,0.65,1.37,1.7225,7.1,0.0,25.0
0.97,PVC,Pristine,DI,1.4,,86.92,-0.34,2.08,2.55,0.65,1.37,1.7225,7.1,0.0,25.0
0.77,PE,Pristine,DI,0.95,,149.1,-0.34,2.08,2.55,0.65,1.37,1.7225,6.9,0.0,25.0
0.92,PA,Pristine,DI,1.14,,134.2,-0.34,2.08,2.55,0.65,1.37,1.7225,6.7,0.0,25.0
1.61,PA,Pristine,DI,1.14,,134.2,-0.18,3.5,3.6,1.35,3.29,3.0992,6.7,0.0,25.0
0.55,PP,Pristine,Seawater,0.9,,117.29,0.73,1.89,2.5,0.21,1.69,2.1813,8.0,0.0,25.0
0.89,PS,Pristine,Seawater,1.05,,132.05,0.73,1.89,2.5,0.21,1.69,2.1813,8.0,0.0,25.0
0.88,PVC,Pristine,Seawater,1.4,,86.92,0.73,1.89,2.5,0.21,1.69,2.1813,8.0,0.0,25.0
0.79,PE,Pristine,Seawater,0.95,,149.1,0.73,1.89,2.5,0.21,1.69,2.1813,8.0,0.0,25.0
0.83,PA,Pristine,Seawater,1.14,,134.2,0.73,1.89,2.5,0.21,1.69,2.1813,8.0,0.0,25.0
0.81,PP,Pristine,Seawater,0.9,,117.29,-0.34,2.08,2.55,0.65,1.37,1.7225,8.0,0.0,25.0
0.85,PS,Pristine,Seawater,1.05,,132.05,-0.34,2.08,2.55,0.65,1.37,1.7225,8.0,0.0,25.0
0.88,PVC,Pristine,Seawater,1.4,,86.92,-0.34,2.08,2.55,0.65,1.37,1.7225,8.0,0.0,25.0
0.77,PE,Pristine,Seawater,0.95,,149.1,-0.34,2.08,2.55,0.65,1.37,1.7225,8.0,0.0,25.0
0.87,PA,Pristine,Seawater,1.14,,134.2,-0.34,2.08,2.55,0.65,1.37,1.7225,8.0,0.0,25.0
0.7,PA,Pristine,Seawater,1.14,,134.2,-0.18,3.5,3.6,1.35,3.29,3.0992,8.0,0.0,25.0
5.51,PE,Pristine,Freshwater,0.95,230.8,95.0,5.69,1.76,1.33,0.0,0.15,1.6914,7.0,0.008,20.0
5.45,PE,Pristine,Freshwater,0.95,230.7,95.0,5.69,1.77,1.33,0.0,0.15,1.6914,7.0,0.008,20.0
4.78,PE,Pristine,Freshwater,0.95,233.2,95.0,6.34,1.9,1.48,0.0,0.15,1.8138,7.0,0.008,20.0
4.63,PE,Pristine,Freshwater,0.95,235.8,95.0,6.34,1.9,1.48,0.0,0.15,1.8138,7.0,0.008,20.0
5.63,PE,Pristine,Freshwater,0.95,246.4,95.0,6.34,1.91,1.46,0.0,0.13,1.8138,7.0,0.008,20.0
4.7,PE,Pristine,Freshwater,0.95,251.6,95.0,6.98,2.04,1.61,0.0,0.13,1.9362,7.0,0.008,20.0
5.01,PE,Pristine,Freshwater,0.95,259.4,95.0,6.98,2.04,1.59,0.0,0.11,1.9362,7.0,0.008,20.0
6.04,PE,Pristine,Freshwater,0.95,260.0,95.0,7.62,2.16,1.74,0.0,0.11,2.0586,7.0,0.008,20.0
5.32,PE,Pristine,Freshwater,0.95,262.0,95.0,7.21,2.06,1.59,0.0,0.11,1.9362,7.0,0.008,20.0
7.5,PE,Pristine,Freshwater,0.95,267.4,95.0,7.62,2.18,1.74,0.0,0.11,2.0586,7.0,0.008,20.0
7.27,PE,Pristine,Freshwater,0.95,275.0,95.0,7.86,2.21,1.72,0.0,0.09,2.0586,7.0,0.008,20.0
8.17,PE,Pristine,Freshwater,0.95,277.7,95.0,8.27,2.33,1.87,0.0,0.09,2.181,7.0,0.008,20.0
8.45,PE,Pristine,Freshwater,0.95,280.4,95.0,8.27,2.29,1.87,0.0,0.09,2.181,7.0,0.008,20.0
5.27,PE,Pristine,Freshwater,0.95,251.0,95.0,6.57,1.94,1.44,0.0,0.11,1.8138,7.0,0.008,20.0
5.01,PE,Pristine,Freshwater,0.95,266.6,95.0,7.06,2.11,1.57,0.0,0.09,1.9362,7.0,0.008,20.0
7.34,PE,Pristine,Freshwater,0.95,282.2,95.0,7.7,2.21,1.7,0.0,0.07,2.0586,7.0,0.008,20.0
3.51,PVC,Pristine,Seawater,1.4,,225.0,4.35,2.06,1.29,0.0,0.29,1.4544,8.1,0.7,18.0
4.69,PVC,Pristine,Seawater,1.4,,225.0,6.79,1.81,1.76,0.0,0.16,2.218,8.1,0.7,18.0
4.99,PVC,Pristine,Seawater,1.4,,225.0,8.39,0.64,1.25,0.0,1.02,3.4014,8.1,0.7,18.0
0.99,PE,Pristine,Seawater,0.95,,225.0,4.35,2.06,1.29,0.0,0.29,1.4544,8.1,0.7,18.0
2.67,PE,Pristine,Seawater,0.95,,225.0,6.79,1.81,1.76,0.0,0.16,2.218,8.1,0.7,18.0
5.0,PE,Pristine,Seawater,0.95,,225.0,8.39,0.64,1.25,0.0,1.02,3.4014,8.1,0.7,18.0
4.42,PE,Pristine,Seawater,0.95,,250.0,4.35,2.06,1.29,0.0,0.29,1.4544,8.1,0.7,25.0
3.85,PP,Pristine,Seawater,0.9,,250.0,4.35,2.06,1.29,0.0,0.29,1.4544,8.1,0.7,25.0
5.41,PS,Pristine,Seawater,1.05,,250.0,4.35,2.06,1.29,0.0,0.29,1.4544,8.1,0.7,25.0
5.5,PE,Pristine,Seawater,0.95,,250.0,4.8,2.38,1.55,0.0,0.24,1.5846,8.1,0.7,25.0
4.74,PP,Pristine,Seawater,0.9,,250.0,4.8,2.38,1.55,0.0,0.24,1.5846,8.1,0.7,25.0
5.93,PS,Pristine,Seawater,1.05,,250.0,4.8,2.38,1.55,0.0,0.24,1.5846,8.1,0.7,25.0
4.75,PE,Pristine,Seawater,0.95,,250.0,4.35,2.29,1.34,0.0,0.28,1.4544,8.1,0.7,25.0
4.24,PP,Pristine,Seawater,0.9,,250.0,4.35,2.29,1.34,0.0,0.28,1.4544,8.1,0.7,25.0
5.63,PS,Pristine,Seawater,1.05,,250.0,4.35,2.29,1.34,0.0,0.28,1.4544,8.1,0.7,25.0
5.55,PE,Pristine,Seawater,0.95,,250.0,4.93,2.81,1.71,0.0,0.28,1.5846,8.1,0.7,25.0
4.75,PP,Pristine,Seawater,0.9,,250.0,4.93,2.81,1.71,0.0,0.28,1.5846,8.1,0.7,25.0
5.86,PS,Pristine,Seawater,1.05,,250.0,4.93,2.81,1.71,0.0,0.28,1.5846,8.1,0.7,25.0
6.37,PE,Pristine,Seawater,0.95,,250.0,5.52,3.03,1.73,0.0,0.33,1.8234,8.1,0.7,25.0
5.46,PP,Pristine,Seawater,0.9,,250.0,5.52,3.03,1.73,0.0,0.33,1.8234,8.1,0.7,25.0
6.65,PS,Pristine,Seawater,1.05,,250.0,5.52,3.03,1.73,0.0,0.33,1.8234,8.1,0.7,25.0
7.15,PE,Pristine,Seawater,0.95,,250.0,7.22,3.63,1.98,0.0,0.44,1.9536,8.1,0.7,25.0
6.05,PP,Pristine,Seawater,0.9,,250.0,7.22,3.63,1.98,0.0,0.44,1.9536,8.1,0.7,25.0
6.94,PS,Pristine,Seawater,1.05,,250.0,7.22,3.63,1.98,0.0,0.44,1.9536,8.1,0.7,25.0
7.85,PE,Pristine,Seawater,0.95,,250.0,6.22,4.0,2.04,0.0,0.44,2.1924,8.1,0.7,25.0
6.95,PP,Pristine,Seawater,0.9,,250.0,6.22,4.0,2.04,0.0,0.44,2.1924,8.1,0.7,25.0
7.54,PS,Pristine,Seawater,1.05,,250.0,6.22,4.0,2.04,0.0,0.44,2.1924,8.1,0.7,25.0
7.59,PE,Pristine,Seawater,0.95,,250.0,6.7,4.07,1.9,0.0,0.45,2.0838,8.1,0.7,25.0
6.64,PP,Pristine,Seawater,0.9,,250.0,6.7,4.07,1.9,0.0,0.45,2.0838,8.1,0.7,25.0
7.17,PS,Pristine,Seawater,1.05,,250.0,6.7,4.07,1.9,0.0,0.45,2.0838,8.1,0.7,25.0
2.39,PE,Pristine,Seawater,0.95,,250.0,4.26,1.45,0.73,0.0,0.71,1.5798,8.1,0.7,25.0
2.64,PP,Pristine,Seawater,0.9,,250.0,4.26,1.45,0.73,0.0,0.71,1.5798,8.1,0.7,25.0
3.21,PS,Pristine,Seawater,1.05,,250.0,4.26,1.45,0.73,0.0,0.71,1.5798,8.1,0.7,25.0
2.02,PE,Pristine,Seawater,0.95,,250.0,4.26,1.45,0.88,0.0,0.69,1.5798,8.1,0.7,25.0
2.13,PP,Pristine,Seawater,0.9,,250.0,4.26,1.45,0.88,0.0,0.69,1.5798,8.1,0.7,25.0
2.65,PS,Pristine,Seawater,1.05,,250.0,4.26,1.45,0.88,0.0,0.69,1.5798,8.1,0.7,25.0
2.31,PE,Pristine,Seawater,0.95,,250.0,4.26,1.45,0.91,0.0,0.68,1.5798,8.1,0.7,25.0
2.53,PP,Pristine,Seawater,0.9,,250.0,4.26,1.45,0.91,0.0,0.68,1.5798,8.1,0.7,25.0
3.3,PS,Pristine,Seawater,1.05,,250.0,4.26,1.45,0.91,0.0,0.68,1.5798,8.1,0.7,25.0
2.06,PE,Pristine,Seawater,0.95,,250.0,4.26,1.45,0.94,0.0,0.63,1.5798,8.1,0.7,25.0
2.18,PP,Pristine,Seawater,0.9,,250.0,4.26,1.45,0.94,0.0,0.63,1.5798,8.1,0.7,25.0
2.82,PS,Pristine,Seawater,1.05,,250.0,4.26,1.45,0.94,0.0,0.63,1.5798,8.1,0.7,25.0
4.61,PE,Pristine,Seawater,0.96,,250.0,4.99,1.33,0.92,0.06,0.0,1.3284,8.1,0.7,25.0
4.45,PP,Pristine,Seawater,0.92,,250.0,4.99,1.33,0.92,0.06,0.0,1.3284,8.1,0.7,25.0
5.12,PS,Pristine,Seawater,1.09,,250.0,4.99,1.33,0.92,0.06,0.0,1.3284,8.1,0.7,25.0
5.2,PE,Pristine,Seawater,0.95,,250.0,5.86,1.49,0.99,0.0,0.0,1.4508,8.1,0.7,25.0
4.96,PP,Pristine,Seawater,0.9,,250.0,5.86,1.49,0.99,0.0,0.0,1.4508,8.1,0.7,25.0
5.3,PS,Pristine,Seawater,1.05,,250.0,5.86,1.49,0.99,0.0,0.0,1.4508,8.1,0.7,25.0
4.56,PE,Pristine,Seawater,0.95,4.37,225.0,4.35,2.06,1.29,0.0,0.29,1.4544,8.1,0.7,18.0
3.29,PP,Pristine,Seawater,0.9,1.56,225.0,4.35,2.06,1.29,0.0,0.29,1.4544,8.1,0.7,18.0
3.36,PVC,Pristine,Seawater,1.4,,225.0,4.35,2.06,1.29,0.0,0.29,1.4544,8.1,0.7,18.0
3.37,PVC,Pristine,Seawater,1.4,1.76,127.0,4.35,2.06,1.29,0.0,0.29,1.4544,8.1,0.7,18.0
4.9,PE,Pristine,DI,0.95,,25.0,5.69,1.75,1.35,0.0,0.17,1.6914,6.0,0.0,21.0
5.4,PE,Pristine,DI,0.95,,25.0,5.69,1.76,1.33,0.0,0.15,1.6914,6.0,0.0,21.0
5.5,PE,Pristine,DI,0.95,,25.0,6.34,1.9,1.48,0.0,0.15,1.8138,6.0,0.0,21.0
5.9,PE,Pristine,DI,0.95,,25.0,6.34,1.91,1.46,0.0,0.13,1.8138,6.0,0.0,21.0
6.2,PE,Pristine,DI,0.95,,25.0,6.98,2.03,1.59,0.0,0.12,1.9949,6.0,0.0,21.0
6.1,PE,Pristine,DI,0.95,,25.0,6.98,2.04,1.61,0.0,0.13,1.9362,6.0,0.0,21.0
6.4,PE,Pristine,DI,0.95,,25.0,7.21,2.06,1.59,0.0,0.11,1.9362,6.0,0.0,21.0
6.3,PE,Pristine,DI,0.95,,25.0,6.98,2.04,1.59,0.0,0.11,1.9362,6.0,0.0,21.0
6.4,PE,Pristine,DI,0.95,,25.0,7.62,2.18,1.74,0.0,0.11,2.0586,6.0,0.0,21.0
6.6,PE,Pristine,DI,0.95,,25.0,7.62,2.18,1.74,0.0,0.11,2.0586,6.0,0.0,21.0
6.6,PE,Pristine,DI,0.95,,25.0,7.62,2.19,1.74,0.0,0.11,2.0586,6.0,0.0,21.0
6.9,PE,Pristine,DI,0.95,,25.0,8.27,2.33,1.87,0.0,0.09,2.181,6.0,0.0,21.0
5.0,PE,Pristine,DI,0.95,,25.0,4.89,2.29,1.3,0.0,0.31,1.5953,6.0,0.0,21.0
4.7,PE,Pristine,DI,0.95,,25.0,4.89,2.06,1.25,0.0,0.29,1.5953,6.0,0.0,21.0
5.3,PE,Pristine,DI,0.95,,25.0,5.47,2.25,1.25,0.0,0.28,1.7362,6.0,0.0,21.0
5.2,PE,Pristine,DI,0.95,,25.0,5.47,2.05,1.29,0.0,0.29,1.7362,6.0,0.0,21.0
4.3,PE,Pristine,DI,0.95,,25.0,4.35,2.06,1.29,0.0,0.29,1.4544,6.0,0.0,21.0
4.3,PE,Pristine,DI,0.95,,25.0,4.35,2.06,1.29,0.0,0.29,1.4544,6.0,0.0,21.0
5.083,PE,Pristine,DI,0.95,,25.0,6.34,1.88,1.48,0.0,0.15,1.8138,6.0,0.0,25.0
5.301,PE,Pristine,DI,0.95,,25.0,5.69,1.77,1.33,0.0,0.15,1.6914,6.0,0.0,25.0
4.98,PP,Pristine,Seawater,0.9,,3000.0,5.05,1.62,1.2,0.0,0.18,1.569,8.1,0.5,12.0
5.09,PP,Pristine,Seawater,0.9,,3000.0,5.69,1.76,1.33,0.0,0.15,1.6914,8.1,0.5,12.0
5.09,PP,Pristine,Seawater,0.9,,3000.0,6.34,1.9,1.48,0.0,0.15,1.8138,8.1,0.5,12.0
5.14,PP,Pristine,Seawater,0.9,,3000.0,6.34,1.9,1.48,0.0,0.15,1.8138,8.1,0.5,12.0
5.63,PP,Pristine,Seawater,0.9,,3000.0,6.57,1.94,1.44,0.0,0.11,1.8138,8.1,0.5,12.0
5.26,PP,Pristine,Seawater,0.9,,3000.0,6.34,1.91,1.46,0.0,0.13,1.8138,8.1,0.5,12.0
5.71,PP,Pristine,Seawater,0.9,,3000.0,7.21,2.06,1.59,0.0,0.11,1.9362,8.1,0.5,12.0
5.77,PP,Pristine,Seawater,0.9,,3000.0,6.98,2.04,1.59,0.0,0.11,1.9362,8.1,0.5,12.0
5.51,PP,Pristine,Seawater,0.9,,3000.0,6.98,2.04,1.61,0.0,0.13,1.9362,8.1,0.5,12.0
5.26,PP,Pristine,Seawater,0.9,,3000.0,6.98,2.02,1.61,0.0,0.13,1.9362,8.1,0.5,12.0
5.63,PP,Pristine,Seawater,0.9,,3000.0,6.98,2.04,1.61,0.0,0.13,1.9362,8.1,0.5,12.0
5.51,PP,Pristine,Seawater,0.9,,3000.0,6.98,2.03,1.59,0.0,0.12,1.9949,8.1,0.5,12.0
6.19,PP,Pristine,Seawater,0.9,,3000.0,7.62,2.16,1.74,0.0,0.11,2.0586,8.1,0.5,12.0
6.06,PP,Pristine,Seawater,0.9,,3000.0,7.62,2.19,1.74,0.0,0.11,2.0586,8.1,0.5,12.0
6.19,PP,Pristine,Seawater,0.9,,3000.0,7.62,2.18,1.74,0.0,0.11,2.0586,8.1,0.5,12.0
5.77,PP,Pristine,Seawater,0.9,,3000.0,7.62,2.18,1.74,0.0,0.11,2.0586,8.1,0.5,12.0
4.5,PE,Pristine,DI,0.94,,125.0,3.56,2.47,1.73,0.0,0.53,1.6286,6.0,0.0,25.0
4.21,PP,Pristine,DI,0.91,,125.0,3.56,2.47,1.73,0.0,0.53,1.6286,6.0,0.0,25.0
4.42,PS,Pristine,DI,1.05,,125.0,3.56,2.47,1.73,0.0,0.53,1.6286,6.0,0.0,25.0
2.75,PE,Pristine,Freshwater,0.95,0.2341,150.0,0.48,1.89,2.23,0.58,1.29,1.7244,6.0,0.03,25.0
2.45,PE,Pristine,DI,0.95,,150.0,5.8,1.35,0.96,1.15,0.23,2.2574,7.0,0.0,25.0
1.95,PS,Pristine,DI,1.05,,250.0,5.8,1.35,0.96,1.15,0.23,2.2574,7.0,0.0,25.0
2.21,PVC,Pristine,DI,1.4,,230.0,5.8,1.35,0.96,1.15,0.23,2.2574,7.0,0.0,25.0
0.08,PE,Pristine,DI,0.95,12.1,5000.0,1.55,2.0,1.45,0.45,1.0,1.3613,5.85,0.0,25.0
2.78,PE,Pristine,DI,0.95,12.1,5000.0,3.59,1.87,1.17,0.18,0.97,1.995,5.85,0.0,25.0
0.9,PE,Pristine,DI,0.95,12.1,5000.0,2.29,0.69,1.84,0.0,1.18,2.3154,5.85,0.0,25.0
1.27,PE,Aged,DI,0.95,13.6,5000.0,1.55,2.0,1.45,0.45,1.0,1.3613,5.85,0.0,25.0
3.0,PE,Aged,DI,0.95,13.6,5000.0,3.59,1.87,1.17,0.18,0.97,1.995,5.85,0.0,25.0
1.77,PE,Aged,DI,0.95,13.6,5000.0,2.29,0.69,1.84,0.0,1.18,2.3154,5.85,0.0,25.0
-0.94,PS,Pristine,DI,1.05,0.93,100.0,2.95,1.6,1.58,0.26,1.28,2.1882,7.0,0.0,25.0
-0.14,PS,Pristine,DI,1.05,0.93,100.0,3.66,1.83,1.8,0.34,1.11,2.2519,7.0,0.0,25.0
4.37,PE,Pristine,SF,0.95,2.088,154.35,3.93,1.03,0.86,0.0,0.0,1.0836,7.23,0.0036,25.0
4.37,PE,Pristine,F,0.95,2.088,154.35,3.93,1.03,0.86,0.0,0.0,1.0836,7.23,0.0036,25.0
4.34,PE,Pristine,SF,0.95,2.088,154.35,3.93,0.98,0.73,0.0,0.0,1.0836,7.23,0.0036,25.0
3.9,PE,Pristine,F,0.95,2.088,154.35,3.93,0.98,0.73,0.0,0.0,1.0836,7.23,0.0036,25.0
3.74,PE,Pristine,SF,0.95,2.088,154.35,3.93,0.98,0.81,0.0,0.0,1.0836,7.23,0.0036,25.0
4.06,PE,Pristine,F,0.95,2.088,154.35,3.93,0.98,0.81,0.0,0.0,1.0836,7.23,0.0036,25.0
4.46,PE,Pristine,SF,0.95,2.088,154.35,4.99,1.33,0.92,0.06,0.0,1.3284,7.23,0.0036,25.0
4.6,PE,Pristine,F,0.95,2.088,154.35,4.99,1.33,0.92,0.06,0.0,1.3284,7.23,0.0036,25.0
4.26,PE,Pristine,SF,0.95,2.088,154.35,5.86,1.49,0.99,0.0,0.0,1.4508,7.23,0.0036,25.0
4.66,PE,Pristine,F,0.95,2.088,154.35,5.86,1.49,0.99,0.0,0.0,1.4508,7.23,0.0036,25.0
4.36,PE,Pristine,SF,0.95,2.088,154.35,5.31,0.99,1.72,0.0,0.6,2.204,7.23,0.0036,25.0
4.43,PE,Pristine,F,0.95,2.088,154.35,5.31,0.99,1.72,0.0,0.6,2.204,7.23,0.0036,25.0
3.92,PE,Pristine,SF,0.95,0.66,132.5,3.93,1.03,0.86,0.0,0.0,1.0836,7.23,0.0036,25.0
4.24,PE,Pristine,F,0.95,0.66,132.5,3.93,1.03,0.86,0.0,0.0,1.0836,7.23,0.0036,25.0
3.74,PE,Pristine,SF,0.95,0.66,132.5,3.93,0.98,0.73,0.0,0.0,1.0836,7.23,0.0036,25.0
3.94,PE,Pristine,F,0.95,0.66,132.5,3.93,0.98,0.73,0.0,0.0,1.0836,7.23,0.0036,25.0
4.31,PE,Pristine,SF,0.95,0.66,132.5,3.93,0.98,0.81,0.0,0.0,1.0836,7.23,0.0036,25.0
4.44,PE,Pristine,F,0.95,0.66,132.5,3.93,0.98,0.81,0.0,0.0,1.0836,7.23,0.0036,25.0
4.36,PE,Pristine,SF,0.95,0.66,132.5,4.99,1.33,0.92,0.06,0.0,1.3284,7.23,0.0036,25.0
4.65,PE,Pristine,F,0.95,0.66,132.5,4.99,1.33,0.92,0.06,0.0,1.3284,7.23,0.0036,25.0
4.38,PE,Pristine,SF,0.95,0.66,132.5,5.86,1.49,0.99,0.0,0.0,1.4508,7.23,0.0036,25.0
4.65,PE,Pristine,F,0.95,0.66,132.5,5.86,1.49,0.99,0.0,0.0,1.4508,7.23,0.0036,25.0
4.25,PE,Pristine,SF,0.95,0.66,132.5,5.31,0.99,1.72,0.0,0.6,2.204,7.23,0.0036,25.0
4.78,PE,Pristine,F,0.95,0.66,132.5,5.31,0.99,1.72,0.0,0.6,2.204,7.23,0.0036,25.0
3.9,PE,Pristine,SF,0.95,5.791,301.0,3.93,1.03,0.86,0.0,0.0,1.0836,7.23,0.0036,25.0
4.21,PE,Pristine,F,0.95,5.791,301.0,3.93,1.03,0.86,0.0,0.0,1.0836,7.23,0.0036,25.0
3.74,PE,Pristine,SF,0.95,5.791,301.0,3.93,0.98,0.73,0.0,0.0,1.0836,7.23,0.0036,25.0
4.08,PE,Pristine,F,0.95,5.791,301.0,3.93,0.98,0.73,0.0,0.0,1.0836,7.23,0.0036,25.0
4.21,PE,Pristine,SF,0.95,5.791,301.0,3.93,0.98,0.81,0.0,0.0,1.0836,7.23,0.0036,25.0
4.45,PE,Pristine,F,0.95,5.791,301.0,3.93,0.98,0.81,0.0,0.0,1.0836,7.23,0.0036,25.0
4.48,PE,Pristine,SF,0.95,5.791,301.0,4.99,1.33,0.92,0.06,0.0,1.3284,7.23,0.0036,25.0
4.61,PE,Pristine,F,0.95,5.791,301.0,4.99,1.33,0.92,0.06,0.0,1.3284,7.23,0.0036,25.0
4.55,PE,Pristine,SF,0.95,5.791,301.0,5.86,1.49,0.99,0.0,0.0,1.4508,7.23,0.0036,25.0
4.64,PE,Pristine,F,0.95,5.791,301.0,5.86,1.49,0.99,0.0,0.0,1.4508,7.23,0.0036,25.0
4.6,PE,Pristine,SF,0.95,5.791,301.0,5.31,0.99,1.72,0.0,0.6,2.204,7.23,0.0036,25.0
4.81,PE,Pristine,F,0.95,5.791,301.0,5.31,0.99,1.72,0.0,0.6,2.204,7.23,0.0036,25.0
1.16,PET,Pristine,DI,1.38,0.864,150.0,2.16,0.92,1.08,0.67,0.21,0.8975,8.0,0.0,25.0
1.2,PET,Pristine,S,1.38,0.864,150.0,2.16,0.92,1.08,0.67,0.21,0.8975,7.9,0.7,25.0
1.17,PET,Pristine,F,1.38,0.864,150.0,2.16,0.92,1.08,0.67,0.21,0.8975,8.0,0.005,25.0
1.61,PET,Pristine,DI,1.38,0.864,150.0,2.8,0.96,0.82,0.54,0.17,1.0199,8.0,0.0,25.0
1.48,PET,Pristine,S,1.38,0.864,150.0,2.8,0.96,0.82,0.54,0.17,1.0199,7.9,0.7,25.0
1.39,PET,Pristine,F,1.38,0.864,150.0,2.8,0.96,0.82,0.54,0.17,1.0199,8.0,0.005,25.0
1.16,PET,Pristine,DI,1.38,0.864,150.0,3.45,1.01,0.8,0.6,0.15,1.1423,8.0,0.0,25.0
0.89,PET,Pristine,S,1.38,0.864,150.0,3.45,1.01,0.8,0.6,0.15,1.1423,7.9,0.7,25.0
0.8,PET,Pristine,F,1.38,0.864,150.0,3.45,1.01,0.8,0.6,0.15,1.1423,8.0,0.005,25.0
4.01,PS,Pristine,DI,1.05,,0.2,0.0,2.2,2.34,0.7,2.52,2.3047,7.0,0.0,25.0
3.71,PS,Pristine,DI,1.05,,0.5,0.0,2.2,2.34,0.7,2.52,2.3047,7.0,0.0,25.0
1.18,PE,Pristine,DI,0.94,,150.0,2.71,0.73,1.39,0.0,0.89,1.7106,6.0,0.03,25.0
3.26,PE,Pristine,DI,0.94,,150.0,4.67,0.73,1.39,0.0,0.89,1.7106,6.0,0.03,25.0
3.19,PE,Pristine,DI,0.94,,150.0,4.52,0.68,1.21,0.0,0.95,2.2742,6.0,0.03,25.0
0.76,PE,Pristine,DI,0.94,,150.0,3.64,1.61,1.56,0.99,0.91,1.8643,6.0,0.03,25.0
2.59,PE,Pristine,DI,0.94,,150.0,3.17,1.34,0.92,0.0,0.2,1.0854,6.0,0.03,25.0
3.91,PE,Pristine,DI,0.94,,150.0,4.35,2.06,1.29,0.0,0.29,1.4544,6.0,0.03,25.0
0.86,PE,Pristine,DI,0.94,,150.0,2.82,1.22,1.29,0.17,1.01,1.6196,6.0,0.03,25.0
1.81,PE,Pristine,DI,0.94,,150.0,2.67,1.28,1.6,0.57,0.7,1.5992,6.0,0.03,25.0
0.96,PE,Pristine,DI,0.94,,150.0,2.69,1.52,1.05,0.61,0.37,1.1441,6.0,0.03,25.0
2.1,PE,Pristine,DI,0.94,,150.0,2.99,1.6,1.59,0.0,0.29,1.2596,6.0,0.03,25.0
3.36,PE,Pristine,DI,0.94,,150.0,3.81,1.42,1.0,0.0,0.14,1.2078,6.0,0.03,25.0
3.16,PE,Pristine,DI,0.94,,150.0,3.72,1.34,0.94,0.0,0.22,1.2263,6.0,0.03,25.0
1.67,PE,Pristine,DI,0.94,,150.0,3.97,0.83,0.95,0.53,0.41,1.4796,6.0,0.03,25.0
1.47,PE,Pristine,DI,0.94,,150.0,3.15,0.86,0.76,0.51,0.43,1.1978,6.0,0.03,25.0
2.42,PE,Pristine,DI,0.94,,150.0,3.52,0.6,0.5,0.0,0.15,1.1391,6.0,0.03,25.0
2.23,PE,Pristine,DI,0.94,,150.0,2.88,0.88,0.73,0.0,0.09,0.8914,6.0,0.03,25.0
3.2,PE,Pristine,DI,0.94,,150.0,3.76,1.36,0.99,0.0,0.26,1.3242,6.0,0.03,25.0
2.55,PE,Pristine,DI,0.94,,150.0,3.09,0.62,0.52,0.0,0.16,0.9982,6.0,0.03,25.0
0.66,PS,Pristine,DI,1.05,,150.0,2.71,0.73,1.39,0.0,0.89,1.7106,6.0,0.03,25.0
4.02,PS,Pristine,DI,1.05,,150.0,4.67,0.7,1.27,0.0,0.95,2.2742,6.0,0.03,25.0
3.64,PS,Pristine,DI,1.05,,150.0,4.52,0.68,1.21,0.0,0.95,2.2742,6.0,0.03,25.0
0.83,PS,Pristine,DI,1.05,,150.0,3.64,1.61,1.56,0.99,0.91,1.8643,6.0,0.03,25.0
2.83,PS,Pristine,DI,1.05,,150.0,3.17,1.34,0.92,0.0,0.2,1.0854,6.0,0.03,25.0
3.28,PS,Pristine,DI,1.05,,150.0,4.35,2.06,1.29,0.0,0.29,1.4544,6.0,0.03,25.0
0.25,PS,Pristine,DI,1.05,,150.0,2.67,1.28,1.6,0.57,0.7,1.5992,6.0,0.03,25.0
0.93,PS,Pristine,DI,1.05,,150.0,2.69,1.52,1.05,0.61,0.37,1.1441,6.0,0.03,25.0
2.15,PS,Pristine,DI,1.05,,150.0,2.99,1.6,1.59,0.0,0.29,1.2596,6.0,0.03,25.0
3.22,PS,Pristine,DI,1.05,,150.0,3.81,1.42,1.0,0.0,0.14,1.2078,6.0,0.03,25.0
3.03,PS,Pristine,DI,1.05,,150.0,3.72,1.34,0.94,0.0,0.22,1.2263,6.0,0.03,25.0
1.63,PS,Pristine,DI,1.05,,150.0,3.97,0.83,0.95,0.53,0.41,1.4796,6.0,0.03,25.0
1.45,PS,Pristine,DI,1.05,,150.0,3.15,0.86,0.76,0.51,0.43,1.1978,6.0,0.03,25.0
3.35,PS,Pristine,DI,1.05,,150.0,3.52,0.6,0.5,0.0,0.15,1.1391,6.0,0.03,25.0
2.73,PS,Pristine,DI,1.05,,150.0,2.88,0.88,0.73,0.0,0.09,0.8914,6.0,0.03,25.0
3.29,PS,Pristine,DI,1.05,,150.0,3.76,1.36,0.99,0.0,0.26,1.3242,6.0,0.03,25.0
3.22,PS,Pristine,DI,1.05,,150.0,3.09,0.62,0.52,0.0,0.16,0.9982,6.0,0.03,25.0
2.23,PBS,Pristine,DI,1.26,,150.0,2.71,0.73,1.39,0.0,0.89,1.7106,6.0,0.03,25.0
3.88,PBS,Pristine,DI,1.26,,150.0,4.67,0.7,1.27,0.0,0.95,2.2742,6.0,0.03,25.0
3.64,PBS,Pristine,DI,1.26,,150.0,4.52,0.68,1.21,0.0,0.95,2.2742,6.0,0.03,25.0
3.17,PBS,Pristine,DI,1.26,,150.0,3.64,1.61,1.56,0.99,0.91,1.8643,6.0,0.03,25.0
3.11,PBS,Pristine,DI,1.26,,150.0,3.17,1.34,0.92,0.0,0.2,1.0854,6.0,0.03,25.0
4.45,PBS,Pristine,DI,1.26,,150.0,4.35,2.06,1.29,0.0,0.29,1.4544,6.0,0.03,25.0
2.15,PBS,Pristine,DI,1.26,,150.0,2.82,1.22,1.29,0.17,1.01,1.6196,6.0,0.03,25.0
2.3,PBS,Pristine,DI,1.26,,150.0,2.67,1.28,1.6,0.57,0.7,1.5992,6.0,0.03,25.0
2.88,PBS,Pristine,DI,1.26,,150.0,2.69,1.52,1.05,0.61,0.37,1.1441,6.0,0.03,25.0
3.28,PBS,Pristine,DI,1.26,,150.0,2.99,1.6,1.59,0.0,0.29,1.2596,6.0,0.03,25.0
3.78,PBS,Pristine,DI,1.26,,150.0,3.81,1.42,1.0,0.0,0.14,1.2078,6.0,0.03,25.0
3.52,PBS,Pristine,DI,1.26,,150.0,3.72,1.34,0.94,0.0,0.22,1.2263,6.0,0.03,25.0
3.35,PBS,Pristine,DI,1.26,,150.0,3.97,0.83,0.95,0.53,0.41,1.4796,6.0,0.03,25.0
2.4,PBS,Pristine,DI,1.26,,150.0,3.15,0.86,0.76,0.51,0.43,1.1978,6.0,0.03,25.0
2.98,PBS,Pristine,DI,1.26,,150.0,3.52,0.6,0.5,0.0,0.15,1.1391,6.0,0.03,25.0
2.62,PBS,Pristine,DI,1.26,,150.0,2.88,0.88,0.73,0.0,0.09,0.8914,6.0,0.03,25.0
3.78,PBS,Pristine,DI,1.26,,150.0,3.76,1.36,0.99,0.0,0.26,1.3242,6.0,0.03,25.0
2.8,PBS,Pristine,DI,1.26,,,3.09,0.62,0.52,0.0,0.16,0.9982,6.0,0.03,25.0
2.16,PCL,Pristine,DI,1.15,,150.0,2.71,0.73,1.39,0.0,0.89,1.7106,6.0,0.03,25.0
3.93,PCL,Pristine,DI,1.15,,150.0,4.67,0.7,1.27,0.0,0.95,2.2742,6.0,0.03,25.0
3.91,PCL,Pristine,DI,1.15,,150.0,4.52,0.68,1.21,0.0,0.95,2.2742,6.0,0.03,25.0
2.37,PCL,Pristine,DI,1.15,,150.0,3.64,1.61,1.56,0.99,0.91,1.8643,6.0,0.03,25.0
3.29,PCL,Pristine,DI,1.15,,150.0,3.17,1.34,0.92,0.0,0.2,1.0854,6.0,0.03,25.0
4.68,PCL,Pristine,DI,1.15,,150.0,4.35,2.06,1.29,0.0,0.29,1.4544,6.0,0.03,25.0
2.3,PCL,Pristine,DI,1.15,,150.0,2.82,1.22,1.29,0.17,1.01,1.6196,6.0,0.03,25.0
2.29,PCL,Pristine,DI,1.15,,150.0,2.67,1.28,1.6,0.57,0.7,1.5992,6.0,0.03,25.0
3.0,PCL,Pristine,DI,1.15,,150.0,2.69,1.52,1.05,0.61,0.37,1.1441,6.0,0.03,25.0
3.42,PCL,Pristine,DI,1.15,,150.0,2.99,1.6,1.59,0.0,0.29,1.2596,6.0,0.03,25.0
3.95,PCL,Pristine,DI,1.15,,150.0,3.81,1.42,1.0,0.0,0.14,1.2078,6.0,0.03,25.0
3.7,PCL,Pristine,DI,1.15,,150.0,3.72,1.34,0.94,0.0,0.22,1.2263,6.0,0.03,25.0
3.52,PCL,Pristine,DI,1.15,,150.0,3.97,0.83,0.95,0.53,0.41,1.4796,6.0,0.03,25.0
2.49,PCL,Pristine,DI,1.15,,150.0,3.15,0.86,0.76,0.51,0.43,1.1978,6.0,0.03,25.0
3.16,PCL,Pristine,DI,1.15,,150.0,3.52,0.6,0.5,0.0,0.15,1.1391,6.0,0.03,25.0
2.94,PCL,Pristine,DI,1.15,,150.0,2.88,0.88,0.73,0.0,0.09,0.8914,6.0,0.03,25.0
4.04,PCL,Pristine,DI,1.15,,150.0,3.76,1.36,0.99,0.0,0.26,1.3242,6.0,0.03,25.0
2.97,PCL,Pristine,DI,1.15,,150.0,3.09,0.62,0.52,0.0,0.16,0.9982,6.0,0.03,25.0
2.81,PS,Pristine,S,1.05,,9.5,5.8,1.35,0.96,1.15,0.23,2.2574,7.7,0.7,20.0
2.82,PS,Pristine,F,1.05,,9.5,5.8,1.35,0.96,1.15,0.23,2.2574,7.78,0.022,20.0
2.68,PS,Pristine,S,1.05,,9.5,5.8,1.35,0.96,1.15,0.23,2.2574,7.7,0.7,20.0
3.04,PP,Aged,DI,0.91,,180.0,4.66,1.73,1.55,0.47,0.45,1.8088,7.0,0.0,25.0
1.82,PE,Pristine,DI,0.95,,100.0,0.0,2.2,2.34,0.7,2.52,2.3047,7.0,0.0,25.0
1.13,PE,Pristine,DI,0.95,0.2354,105.0,-0.18,3.5,3.6,1.35,3.29,3.0992,5.8,0.01,25.0
1.77,PE,Pristine,DI,0.95,0.2354,105.0,-0.18,3.5,3.6,1.35,3.29,3.0992,5.8,0.01,25.0
3.86,PE,Pristine,DI,0.95,6.91,125.0,4.93,2.81,1.71,0.0,0.28,1.5846,7.0,0.0026,25.0
3.38,PS,Pristine,DI,1.05,2.35,125.0,4.93,2.81,1.71,0.0,0.28,1.5846,7.0,0.0026,25.0
3.37,PVC,Pristine,DI,1.4,1.87,125.0,4.93,2.81,1.71,0.0,0.28,1.5846,7.0,0.0026,25.0
2.93,PE,Pristine,DI,0.95,1.19,225.0,4.66,1.73,1.55,0.47,0.45,1.8088,7.0,0.03,20.0
2.44,PS,Pristine,DI,1.05,0.73,313.0,4.66,1.73,1.55,0.47,0.45,1.8088,7.0,0.03,20.0
3.51,PVC,Pristine,S,1.4,,225.0,4.35,2.06,1.29,0.0,0.29,1.4544,8.1,0.7,
3.88,PVC,Pristine,S,1.4,,225.0,4.35,2.06,1.29,0.0,0.29,1.4544,8.1,0.7,
3.06,PVC,Pristine,S,1.4,,225.0,6.79,1.81,1.76,0.0,0.16,2.218,8.1,0.7,
4.86,PVC,Pristine,S,1.4,,225.0,6.79,1.81,1.76,0.0,0.16,2.218,8.1,0.7,
4.69,PE,Pristine,S,1.4,,225.0,4.35,2.06,1.29,0.0,0.29,1.4544,8.1,0.7,
4.28,PE,Pristine,S,1.4,,225.0,4.35,2.06,1.29,0.0,0.29,1.4544,8.1,0.7,
4.93,PE,Pristine,S,1.4,,225.0,6.79,1.81,1.76,0.0,0.16,2.218,8.1,0.7,
4.96,PE,Pristine,S,1.4,,225.0,6.79,1.81,1.76,0.0,0.16,2.218,8.1,0.7,
4.23,PS,Pristine,DI,1.05,,0.1219,3.17,1.34,0.92,0.0,0.2,1.0854,7.0,0.0005,25.0
4.42,PS,Pristine,DI,1.05,,0.1219,3.17,1.34,0.92,0.0,0.2,1.0854,7.0,0.0005,25.0
4.34,PS,Pristine,DI,1.05,,0.1219,3.17,1.34,0.92,0.0,0.2,1.0854,7.0,0.05,25.0
3.26,PE,Pristine,SF,0.95,6.91,125.0,4.93,2.81,1.71,0.0,0.28,1.5846,7.0,,20.0
3.24,PE,Pristine,SF,0.95,6.91,125.0,4.93,2.81,1.71,0.0,0.28,1.5846,7.0,,20.0
3.2,PE,Pristine,SF,0.95,6.91,125.0,4.93,2.81,1.71,0.0,0.28,1.5846,7.0,,20.0
3.18,PE,Pristine,SF,0.95,6.91,125.0,4.93,2.81,1.71,0.0,0.28,1.5846,7.0,,20.0
3.18,PE,Pristine,SF,0.95,6.91,125.0,4.93,2.81,1.71,0.0,0.28,1.5846,7.0,,20.0
2.34,PS,Pristine,SF,1.05,2.35,125.0,4.93,2.81,1.71,0.0,0.28,1.5846,7.0,,20.0
2.3,PS,Pristine,SF,1.05,2.35,125.0,4.93,2.81,1.71,0.0,0.28,1.5846,7.0,,20.0
2.28,PS,Pristine,SF,1.05,2.35,125.0,4.93,2.81,1.71,0.0,0.28,1.5846,7.0,,20.0
2.25,PS,Pristine,SF,1.05,2.35,125.0,4.93,2.81,1.71,0.0,0.28,1.5846,7.0,,20.0
2.25,PS,Pristine,SF,1.05,2.35,125.0,4.93,2.81,1.71,0.0,0.28,1.5846,7.0,,20.0
2.32,PVC,Pristine,SF,1.4,1.87,125.0,4.93,2.81,1.71,0.0,0.28,1.5846,7.0,,20.0
2.26,PVC,Pristine,SF,1.4,1.87,125.0,4.93,2.81,1.71,0.0,0.28,1.5846,7.0,,20.0
2.23,PVC,Pristine,SF,1.4,1.87,125.0,4.93,2.81,1.71,0.0,0.28,1.5846,7.0,,20.0
2.19,PVC,Pristine,SF,1.4,1.87,125.0,4.93,2.81,1.71,0.0,0.28,1.5846,7.0,,20.0
2.19,PVC,Pristine,SF,1.4,1.87,125.0,4.93,2.81,1.71,0.0,0.28,1.5846,7.0,,20.0
1.5,PS,Pristine,DI,1.05,0.32,50.4,2.07,1.6,1.72,0.36,2.15,3.0239,6.5,0.01,25.0
2.87,PVC,Pristine,DI,1.4,,140.0,4.35,2.29,1.34,0.0,0.28,1.4544,6.0,0.0,25.0
2.33,PS,Pristine,DI,1.05,3.09,100.0,1.58,2.59,2.01,0.0,2.3,2.9165,6.0,0.0,25.0
2.33,PS,Pristine,DI,1.05,3.83,100.0,3.67,1.28,1.94,0.0,1.27,2.4713,6.0,0.0,25.0
2.08,PE,Pristine,DI,0.95,3.09,100.0,1.58,2.59,2.01,0.0,2.3,2.9165,6.0,0.0,25.0
2.09,PE,Pristine,DI,0.95,3.83,100.0,3.67,1.28,1.94,0.0,1.27,2.4713,6.0,0.0,25.0
1.05,PS,Pristine,DI,1.05,,4000.0,6.77,2.32,1.45,0.0,0.34,2.0829,6.0,0.0,25.0
1.64,PS,Pristine,DI,1.05,2.03,725.0,-2.9,3.6,3.05,1.65,3.5,3.1579,6.5,0.01,25.0
2.65,PS,Aged,DI,1.05,2.03,725.0,-2.9,3.6,3.05,1.65,3.5,3.1579,6.5,0.01,25.0
4.01,PE,Pristine,DI,0.96,0.49,180.0,4.35,2.06,1.29,0.0,0.29,1.4544,7.0,0.03,25.0
4.79,PA,Pristine,DI,1.14,0.544,29.7,3.94,1.8,1.77,0.86,1.1,2.1988,7.1,0.0,25.0
3.37,PE,Pristine,DI,0.955,0.415,54.4,3.94,1.8,1.77,0.86,1.1,2.1988,7.1,0.0,25.0
2.91,PE,Pristine,DI,0.94,0.428,510.9,3.94,1.8,1.77,0.86,1.1,2.1988,7.1,0.0,25.0
2.05,PP,Pristine,DI,0.91,0.964,144.4,3.94,1.8,1.77,0.86,1.1,2.1988,7.1,0.0,25.0
1.64,PE,Pristine,DI,0.93,0.257,150.0,3.94,1.8,1.77,0.86,1.1,2.1988,7.1,0.0,25.0
1.62,PE,Pristine,DI,0.92,0.843,9.5,3.94,1.8,1.77,0.86,1.1,2.1988,7.1,0.0,25.0
1.45,PS,Pristine,DI,1.05,0.343,59.0,3.94,1.8,1.77,0.86,1.1,2.1988,7.1,0.0,25.0
1.39,PC,Pristine,DI,1.2,0.319,21.4,3.94,1.8,1.77,0.86,1.1,2.1988,7.1,0.0,25.0
1.15,PVC,Pristine,DI,1.4,1.03,80.0,3.94,1.8,1.77,0.86,1.1,2.1988,7.1,0.0,25.0
1.2,PMMA,Pristine,DI,1.18,0.164,350.0,3.94,1.8,1.77,0.86,1.1,2.1988,7.1,0.0,25.0
0.9,PVC,Pristine,DI,1.4,,75.0,2.71,0.73,1.39,0.0,0.89,1.7106,6.0,0.0,25.0
2.9,PVC,Pristine,DI,1.4,,75.0,4.67,0.7,1.27,0.0,0.95,2.2742,6.0,0.0,25.0
0.95,PE,Pristine,DI,0.95,7.158,75.0,2.71,0.73,1.39,0.0,0.89,1.7106,6.0,0.0,25.0
2.95,PE,Pristine,DI,0.95,7.158,75.0,4.67,0.7,1.27,0.0,0.95,2.2742,6.0,0.0,25.0
1.23,PS,Pristine,DI,1.05,,75.0,2.71,0.73,1.39,0.0,0.89,1.7106,6.0,0.0,25.0
3.31,PS,Pristine,DI,1.05,,75.0,4.67,0.7,1.27,0.0,0.95,2.2742,6.0,0.0,25.0
2.13,PE,Pristine,DI,0.95,,28.0,-0.18,3.5,3.6,1.35,3.29,3.0992,5.5,0.0,25.0
2.07,PE,Pristine,DI,0.95,,48.0,-0.18,3.5,3.6,1.35,3.29,3.0992,5.5,0.0,25.0
1.8,PE,Pristine,DI,0.95,,125.0,-0.18,3.5,3.6,1.35,3.29,3.0992,5.5,0.0,25.0
2.07,PE,Pristine,DI,0.95,,250.0,-0.18,3.5,3.6,1.35,3.29,3.0992,5.5,0.0,25.0
2.01,PE,Pristine,DI,0.95,,590.0,-0.18,3.5,3.6,1.35,3.29,3.0992,5.5,0.0,25.0
1.78,PS,Pristine,DI,1.05,,74.0,-0.18,3.5,3.6,1.35,3.29,3.0992,5.5,0.0,25.0
1.89,PVC,Pristine,DI,1.4,,74.0,-0.18,3.5,3.6,1.35,3.29,3.0992,5.5,0.0,25.0
1.31,PVC,Pristine,SF,1.4,0.196,200.0,-0.31,1.98,2.5,0.05,2.39,2.2724,7.0,0.01,25.0
1.22,PVC,Pristine,F,1.4,0.196,200.0,-0.31,1.98,2.5,0.05,2.39,2.2724,7.8,0.0,25.0
0.96,PS,Pristine,SF,1.05,0.165,200.0,-0.31,1.98,2.5,0.05,2.39,2.2724,7.0,0.01,25.0
1.21,PS,Pristine,F,1.05,0.165,200.0,-0.31,1.98,2.5,0.05,2.39,2.2724,7.8,0.0,25.0
0.81,PE,Pristine,SF,0.95,0.544,200.0,-0.31,1.98,2.5,0.05,2.39,2.2724,7.0,0.01,25.0
0.93,PE,Pristine,F,0.95,0.544,200.0,-0.31,1.98,2.5,0.05,2.39,2.2724,7.8,0.0,25.0
0.72,PP,Pristine,SF,,0.322,200.0,-0.31,1.98,2.5,0.05,2.39,2.2724,7.0,0.01,25.0
0.84,PP,Pristine,F,,0.322,200.0,-0.31,1.98,2.5,0.05,2.39,2.2724,7.8,0.0,25.0
1.11,PE,Pristine,DI,0.94,0.428,510.9,3.64,1.61,1.56,0.99,0.91,1.8643,7.1,0.0,25.0
0.87,PE,Pristine,DI,0.93,0.257,150.0,3.64,1.61,1.56,0.99,0.91,1.8643,7.1,0.0,25.0
1.15,PE,Pristine,DI,0.955,0.415,54.4,3.64,1.61,1.56,0.99,0.91,1.8643,7.1,0.0,25.0
0.3,PP,Pristine,DI,0.91,0.964,144.4,3.64,1.61,1.56,0.99,0.91,1.8643,7.1,0.0,25.0
1.28,PS,Pristine,DI,1.05,0.343,59.0,3.64,1.61,1.56,0.99,0.91,1.8643,7.1,0.0,25.0
-0.25,PVC,Pristine,DI,1.4,1.03,80.0,3.64,1.61,1.56,0.99,0.91,1.8643,7.1,0.0,25.0
4.94,PA,Pristine,DI,1.14,0.544,29.7,3.64,1.61,1.56,0.99,0.91,1.8643,7.1,0.0,25.0
0.19,PMMA,Pristine,DI,1.18,0.164,350.0,3.64,1.61,1.56,0.99,0.91,1.8643,7.1,0.0,25.0
0.68,PET,Pristine,DI,1.38,,,3.64,1.61,1.56,0.99,0.91,1.8643,7.1,0.0,25.0
3.06,PU,Pristine,DI,1.25,,,3.64,1.61,1.56,0.99,0.91,1.8643,7.1,0.0,25.0
2.93,PET,Pristine,DI,1.38,,2000.0,3.17,1.34,0.92,0.0,0.2,1.0854,6.0,0.0,25.0
1.5,PET,Pristine,DI,1.38,,2000.0,3.17,1.34,0.92,0.0,0.2,1.0854,6.0,0.0,25.0
1.65,PET,Pristine,DI,1.38,,2000.0,3.17,1.34,0.92,0.0,0.2,1.0854,6.0,0.0,25.0
1.16,PET,Pristine,DI,1.38,,2000.0,3.17,1.34,0.92,0.0,0.2,1.0854,6.0,0.0,25.0
2.45,PET,Pristine,DI,1.38,,2000.0,4.35,2.06,1.29,0.0,0.29,1.4544,6.0,0.0,25.0
1.51,PET,Pristine,DI,1.38,,2000.0,4.35,2.06,1.29,0.0,0.29,1.4544,6.0,0.0,25.0
2.44,PET,Pristine,DI,1.38,,2000.0,4.35,2.06,1.29,0.0,0.29,1.4544,6.0,0.0,25.0
0.84,PET,Pristine,DI,1.38,,2000.0,4.35,2.06,1.29,0.0,0.29,1.4544,6.0,0.0,25.0
3.13,PET,Pristine,DI,1.38,,2000.0,4.35,2.06,1.29,0.0,0.29,1.4544,6.0,0.0,25.0
4.56,PE,Pristine,S,0.95,4.37,225.0,4.35,2.06,1.29,0.0,0.29,1.4544,8.1,0.7,18.0
3.29,PP,Pristine,S,0.9,1.56,225.0,4.35,2.06,1.29,0.0,0.29,1.4544,8.1,0.7,18.0
3.36,PVC,Pristine,S,1.4,,225.0,4.35,2.06,1.29,0.0,0.29,1.4544,8.1,0.7,18.0
3.37,PVC,Pristine,S,1.4,1.76,127.0,4.35,2.06,1.29,0.0,0.29,1.4544,8.1,0.7,18.0
3.52,PS,Pristine,DI,1.05,0.4,170.0,4.35,2.06,1.29,0.0,0.29,1.4544,6.0,0.0,25.0
3.61,PS,Pristine,DI,1.05,0.9,102.0,4.35,2.06,1.29,0.0,0.29,1.4544,6.0,0.0,25.0
3.62,PS,Pristine,DI,1.05,1.3,50.0,4.35,2.06,1.29,0.0,0.29,1.4544,6.0,0.0,25.0
3.74,PS,Pristine,DI,1.05,1.4,30.0,4.35,2.06,1.29,0.0,0.29,1.4544,6.0,0.0,25.0
4.1,PS,Pristine,DI,1.05,7.2,0.8,4.35,2.06,1.29,0.0,0.29,1.4544,6.0,0.0,25.0
4.2,PS,Pristine,DI,1.05,24.6,0.235,4.35,2.06,1.29,0.0,0.29,1.4544,6.0,0.0,25.0
4.27,PS,Pristine,DI,1.05,63.4,0.05,4.35,2.06,1.29,0.0,0.29,1.4544,6.0,0.0,25.0
1.73,PS,Pristine,DI,1.05,0.4,170.0,1.81,0.87,1.11,0.0,0.28,0.8906,6.0,0.0,25.0
2.15,PS,Pristine,DI,1.05,0.9,102.0,1.81,0.87,1.11,0.0,0.28,0.8906,6.0,0.0,25.0
2.43,PS,Pristine,DI,1.05,1.3,50.0,1.81,0.87,1.11,0.0,0.28,0.8906,6.0,0.0,25.0
2.57,PS,Pristine,DI,1.05,1.4,30.0,1.81,0.87,1.11,0.0,0.28,0.8906,6.0,0.0,25.0
2.84,PS,Pristine,DI,1.05,7.2,0.8,1.81,0.87,1.11,0.0,0.28,0.8906,6.0,0.0,25.0
3.19,PS,Pristine,DI,1.05,24.6,0.235,1.81,0.87,1.11,0.0,0.28,0.8906,6.0,0.0,25.0
3.19,PS,Pristine,DI,1.05,63.4,0.05,1.81,0.87,1.11,0.0,0.28,0.8906,6.0,0.0,25.0
2.35,PS,Pristine,DI,1.05,1.79,550.0,3.52,1.65,1.63,0.0,0.62,1.7391,6.0,0.0,20.0
2.49,PS,Pristine,DI,1.05,2.57,250.0,3.52,1.65,1.63,0.0,0.62,1.7391,6.0,0.0,20.0
2.59,PS,Pristine,DI,1.05,3.63,75.0,3.52,1.65,1.63,0.0,0.62,1.7391,6.0,0.0,20.0
2.75,PS,Pristine,DI,1.05,21.55,5.0,3.52,1.65,1.63,0.0,0.62,1.7391,6.0,0.0,20.0
2.84,PS,Pristine,DI,1.05,28.97,0.5,3.52,1.65,1.63,0.0,0.62,1.7391,6.0,0.0,20.0
2.13,PE,Pristine,DI,0.95,1.64,550.0,3.52,1.65,1.63,0.0,0.62,1.7391,6.0,0.0,20.0
2.33,PE,Pristine,DI,0.95,1.9,250.0,3.52,1.65,1.63,0.0,0.62,1.7391,6.0,0.0,20.0
2.45,PE,Pristine,DI,0.95,2.87,75.0,3.52,1.65,1.63,0.0,0.62,1.7391,6.0,0.0,20.0
1.93,PP,Pristine,DI,0.9,1.55,550.0,3.52,1.65,1.63,0.0,0.62,1.7391,6.0,0.0,20.0
2.28,PP,Pristine,DI,0.9,1.84,250.0,3.52,1.65,1.63,0.0,0.62,1.7391,6.0,0.0,20.0
2.48,PP,Pristine,DI,0.9,3.33,75.0,3.52,1.65,1.63,0.0,0.62,1.7391,6.0,0.0,20.0
4.84,PBAT,Pristine,SS,1.26,2.21,2338.0,4.35,2.06,1.29,0.0,0.29,1.4544,8.0,0.6,25.0
4.17,PE,Pristine,SS,0.95,4.4,2628.0,4.35,2.06,1.29,0.0,0.29,1.4544,8.0,0.6,25.0
4.13,PE,Pristine,SS,0.95,2.47,400.0,4.35,2.06,1.29,0.0,0.29,1.4544,8.0,0.6,25.0
3.15,PS,Pristine,SS,1.05,0.92,250.0,4.35,2.06,1.29,0.0,0.29,1.4544,8.0,0.6,25.0
2.82,PE,Pristine,DI,0.95,,46.5,0.48,1.89,2.23,0.58,1.29,1.7244,6.85,0.03,24.0
3.34,PE,Pristine,DI,0.95,,46.5,2.6,1.84,1.43,0.44,1.31,2.148,6.85,0.03,24.0
3.5,PE,Pristine,DI,0.95,,46.5,5.29,1.83,1.5,0.1,0.82,2.2647,6.85,0.03,24.0
2.34,PS,Pristine,DI,1.05,,75.0,0.0,2.2,2.34,0.7,2.52,2.3047,7.0,0.0,25.0
2.47,PVC,Pristine,DI,1.4,,75.0,0.0,2.2,2.34,0.7,2.52,2.3047,7.0,0.0,25.0
3.65,PE,Pristine,SF,0.95,2.088,154.35,3.17,1.34,0.92,0.0,0.2,1.0854,7.23,0.0036,25.0
3.8,PE,Pristine,F,0.95,2.088,154.35,3.17,1.34,0.92,0.0,0.2,1.0854,7.45,0.0053,25.0
3.57,PE,Pristine,SF,0.95,2.088,154.35,4.02,1.59,1.06,0.0,0.25,1.3565,7.23,0.0036,25.0
3.89,PE,Pristine,F,0.95,2.088,154.35,4.02,1.59,1.06,0.0,0.25,1.3565,7.45,0.0053,25.0
4.22,PE,Pristine,SF,0.95,2.088,154.35,4.8,2.38,1.55,0.0,0.24,1.5846,7.23,0.0036,25.0
4.3,PE,Pristine,F,0.95,2.088,154.35,4.8,2.38,1.55,0.0,0.24,1.5846,7.45,0.0053,25.0
4.82,PE,Pristine,SF,0.95,2.088,154.35,4.93,2.81,1.71,0.0,0.28,1.5846,7.23,0.0036,25.0
4.82,PE,Pristine,F,0.95,2.088,154.35,4.93,2.81,1.71,0.0,0.28,1.5846,7.45,0.0053,25.0
3.62,PE,Pristine,SF,0.95,0.248,3000.0,3.17,1.34,0.92,0.0,0.2,1.0854,7.23,0.0036,25.0
3.55,PE,Pristine,F,0.95,0.248,3000.0,3.17,1.34,0.92,0.0,0.2,1.0854,7.45,0.0053,25.0
3.8,PE,Pristine,SF,0.95,0.248,3000.0,4.02,1.59,1.06,0.0,0.25,1.3565,7.23,0.0036,25.0
3.68,PE,Pristine,F,0.95,0.248,3000.0,4.02,1.59,1.06,0.0,0.25,1.3565,7.45,0.0053,25.0
4.02,PE,Pristine,SF,0.95,0.248,3000.0,4.8,2.38,1.55,0.0,0.24,1.5846,7.23,0.0036,25.0
4.03,PE,Pristine,F,0.95,0.248,3000.0,4.8,2.38,1.55,0.0,0.24,1.5846,7.45,0.0053,25.0
4.32,PE,Pristine,SF,0.95,0.248,3000.0,4.93,2.81,1.71,0.0,0.28,1.5846,7.23,0.0036,25.0
4.19,PE,Pristine,F,0.95,0.248,3000.0,4.93,2.81,1.71,0.0,0.28,1.5846,7.45,0.0053,25.0
3.92,PE,Pristine,SF,0.95,0.66,219.0,3.17,1.34,0.92,0.0,0.2,1.0854,7.23,0.0036,25.0
4.04,PE,Pristine,F,0.95,0.66,219.0,3.17,1.34,0.92,0.0,0.2,1.0854,7.45,0.0053,25.0
4.0,PE,Pristine,SF,0.95,0.66,219.0,4.02,1.59,1.06,0.0,0.25,1.3565,7.23,0.0036,25.0
4.3,PE,Pristine,F,0.95,0.66,219.0,4.02,1.59,1.06,0.0,0.25,1.3565,7.45,0.0053,25.0
4.09,PE,Pristine,SF,0.95,0.66,219.0,4.8,2.38,1.55,0.0,0.24,1.5846,7.23,0.0036,25.0
4.56,PE,Pristine,F,0.95,0.66,219.0,4.8,2.38,1.55,0.0,0.24,1.5846,7.45,0.0053,25.0
4.94,PE,Pristine,SF,0.95,0.66,219.0,4.93,2.81,1.71,0.0,0.28,1.5846,7.23,0.0036,25.0
4.63,PE,Pristine,F,0.95,0.66,219.0,4.93,2.81,1.71,0.0,0.28,1.5846,7.45,0.0053,25.0
4.12,PE,Pristine,SF,0.95,5.781,219.0,3.17,1.34,0.92,0.0,0.2,1.0854,7.23,0.0036,25.0
3.98,PE,Pristine,F,0.95,5.781,219.0,3.17,1.34,0.92,0.0,0.2,1.0854,7.45,0.0053,25.0
3.98,PE,Pristine,SF,0.95,5.781,219.0,4.02,1.59,1.06,0.0,0.25,1.3565,7.23,0.0036,25.0
3.81,PE,Pristine,F,0.95,5.781,219.0,4.02,1.59,1.06,0.0,0.25,1.3565,7.45,0.0053,25.0
4.15,PE,Pristine,SF,0.95,5.781,219.0,4.8,2.38,1.55,0.0,0.24,1.5846,7.23,0.0036,25.0
4.56,PE,Pristine,F,0.95,5.781,219.0,4.8,2.38,1.55,0.0,0.24,1.5846,7.45,0.0053,25.0
5.12,PE,Pristine,SF,0.95,5.781,219.0,4.93,2.81,1.71,0.0,0.28,1.5846,7.23,0.0036,25.0
5.12,PE,Pristine,F,0.95,5.781,219.0,4.93,2.81,1.71,0.0,0.28,1.5846,7.45,0.0053,25.0
4.05,PET,Pristine,SF,1.38,0.164,3000.0,3.17,1.34,0.92,0.0,0.2,1.0854,7.23,0.0036,25.0
4.08,PET,Pristine,F,1.38,0.164,3000.0,3.17,1.34,0.92,0.0,0.2,1.0854,7.45,0.0053,25.0
4.08,PET,Pristine,SF,1.38,0.164,3000.0,4.02,1.59,1.06,0.0,0.25,1.3565,7.23,0.0036,25.0
4.12,PET,Pristine,F,1.38,0.164,3000.0,4.02,1.59,1.06,0.0,0.25,1.3565,7.45,0.0053,25.0
4.39,PET,Pristine,SF,1.38,0.164,3000.0,4.8,2.38,1.55,0.0,0.24,1.5846,7.23,0.0036,25.0
4.05,PET,Pristine,F,1.38,0.164,3000.0,4.8,2.38,1.55,0.0,0.24,1.5846,7.45,0.0053,25.0
4.98,PET,Pristine,SF,1.38,0.164,3000.0,4.93,2.81,1.71,0.0,0.28,1.5846,7.23,0.0036,25.0
4.99,PET,Pristine,F,1.38,0.164,3000.0,4.93,2.81,1.71,0.0,0.28,1.5846,7.45,0.0053,25.0
3.47,PP,Pristine,SF,0.9,,3000.0,3.17,1.34,0.92,0.0,0.2,1.0854,7.23,0.0036,25.0
3.44,PP,Pristine,F,0.9,,3000.0,3.17,1.34,0.92,0.0,0.2,1.0854,7.45,0.0053,25.0
3.65,PP,Pristine,SF,0.9,,3000.0,4.02,1.59,1.06,0.0,0.25,1.3565,7.23,0.0036,25.0
3.59,PP,Pristine,F,0.9,,3000.0,4.02,1.59,1.06,0.0,0.25,1.3565,7.45,0.0053,25.0
3.7,PP,Pristine,SF,0.9,,3000.0,4.8,2.38,1.55,0.0,0.24,1.5846,7.23,0.0036,25.0
3.74,PP,Pristine,F,0.9,,3000.0,4.8,2.38,1.55,0.0,0.24,1.5846,7.45,0.0053,25.0
3.77,PP,Pristine,SF,0.9,,3000.0,4.93,2.81,1.71,0.0,0.28,1.5846,7.23,0.0036,25.0
3.83,PP,Pristine,F,0.9,,3000.0,4.93,2.81,1.71,0.0,0.28,1.5846,7.45,0.0053,25.0
2.93,PLA,Pristine,SF,1.25,0.094,3000.0,3.17,1.34,0.92,0.0,0.2,1.0854,7.23,0.0036,25.0
2.99,PLA,Pristine,F,1.25,0.094,3000.0,3.17,1.34,0.92,0.0,0.2,1.0854,7.45,0.0053,25.0
2.85,PLA,Pristine,SF,1.25,0.094,3000.0,4.02,1.59,1.06,0.0,0.25,1.3565,7.23,0.0036,25.0
2.86,PLA,Pristine,F,1.25,0.094,3000.0,4.02,1.59,1.06,0.0,0.25,1.3565,7.45,0.0053,25.0
2.92,PLA,Pristine,SF,1.25,0.094,3000.0,4.8,2.38,1.55,0.0,0.24,1.5846,7.23,0.0036,25.0
2.92,PLA,Pristine,F,1.25,0.094,3000.0,4.8,2.38,1.55,0.0,0.24,1.5846,7.45,0.0053,25.0
3.12,PLA,Pristine,SF,1.25,0.094,3000.0,4.93,2.81,1.71,0.0,0.28,1.5846,7.23,0.0036,25.0
3.13,PLA,Pristine,F,1.25,0.094,3000.0,4.93,2.81,1.71,0.0,0.28,1.5846,7.45,0.0053,25.0
3.89,PE,Pristine,SS,0.95,0.129,220.0,4.35,2.06,1.29,0.0,0.29,1.4544,8.1,0.5,25.0
3.65,PE,Pristine,SS,0.95,0.042,220.0,4.35,2.06,1.29,0.0,0.29,1.4544,8.1,0.5,25.0
3.42,PE,Pristine,SS,0.95,0.027,220.0,4.35,2.06,1.29,0.0,0.29,1.4544,8.1,0.5,25.0
3.92,PE,Pristine,SS,0.95,0.248,220.0,4.35,2.06,1.29,0.0,0.29,1.4544,8.1,0.5,25.0
3.89,PE,Pristine,SS,0.95,0.107,220.0,4.35,2.06,1.29,0.0,0.29,1.4544,8.1,0.5,25.0
3.81,PE,Pristine,SS,0.95,0.085,220.0,4.35,2.06,1.29,0.0,0.29,1.4544,8.1,0.5,25.0
3.42,PE,Pristine,SS,0.95,0.129,220.0,4.35,2.06,1.29,0.0,0.29,1.4544,8.1,0.5,25.0
1.76,PA,Pristine,SS,1.14,0.129,220.0,1.51,0.81,0.89,0.6,0.3,0.7751,8.1,0.5,25.0
3.41,PA,Pristine,SS,1.14,,220.0,4.35,2.06,1.29,0.0,0.29,1.4544,8.1,0.5,25.0
3.38,PA,Pristine,SS,1.14,,220.0,4.35,2.06,1.29,0.0,0.29,1.4544,8.1,0.5,25.0
1.53,PA,Pristine,SS,1.14,,220.0,1.51,0.81,0.89,0.6,0.3,0.7751,8.1,0.5,25.0
4.18,PE,Pristine,DI,0.95,0.352,50.0,4.35,2.06,1.29,0.0,0.29,1.4544,7.0,0.0,25.0
2.01,PE,Pristine,DI,0.95,0.352,50.0,1.81,0.87,1.11,0.0,0.28,0.8906,7.0,0.0,25.0
2.55,PE,Pristine,DI,0.95,0.352,50.0,3.17,1.34,0.92,0.0,0.2,1.0854,7.0,0.0,25.0
4.06,PE,Pristine,DI,0.92,1.579,12.0,4.35,2.06,1.29,0.0,0.29,1.4544,7.0,0.0,25.0
1.57,PE,Pristine,DI,0.92,1.579,12.0,1.81,0.87,1.11,0.0,0.28,0.8906,7.0,0.0,25.0
2.87,PE,Pristine,DI,0.92,1.579,12.0,3.17,1.34,0.92,0.0,0.2,1.0854,7.0,0.0,25.0
4.35,PVC,Pristine,DI,1.38,3.944,2.0,4.35,2.06,1.29,0.0,0.29,1.4544,7.0,0.0,25.0
2.97,PVC,Pristine,DI,1.38,3.944,2.0,1.81,0.87,1.11,0.0,0.28,0.8906,7.0,0.0,25.0
3.06,PVC,Pristine,DI,1.38,3.944,2.0,3.17,1.34,0.92,0.0,0.2,1.0854,7.0,0.0,25.0
4.25,PP,Pristine,DI,0.91,3.327,59.0,4.35,2.06,1.29,0.0,0.29,1.4544,7.0,0.0,25.0
3.19,PP,Pristine,DI,0.91,3.327,59.0,1.81,0.87,1.11,0.0,0.28,0.8906,7.0,0.0,25.0
4.05,PP,Pristine,DI,0.91,3.327,59.0,3.17,1.34,0.92,0.0,0.2,1.0854,7.0,0.0,25.0
2.8,PS,Pristine,DI,1.06,0.482,261.0,4.35,2.06,1.29,0.0,0.29,1.4544,7.0,0.0,25.0
2.26,PS,Pristine,DI,1.06,0.482,261.0,1.81,0.87,1.11,0.0,0.28,0.8906,7.0,0.0,25.0
2.79,PS,Pristine,DI,1.06,0.482,261.0,3.17,1.34,0.92,0.0,0.2,1.0854,7.0,0.0,25.0
3.02,PP,Pristine,SS,0.9,,637.5,6.57,1.94,1.44,0.0,0.11,1.8138,8.1,0.6,25.0
2.7,PP,Pristine,DI,0.9,,637.5,6.57,1.94,1.44,0.0,0.11,1.8138,7.0,0.0,25.0
3.06,PA,Pristine,DI,1.14,0.3,350.0,3.94,1.8,1.77,0.86,1.1,2.1988,7.0,0.0,25.0
3.29,PA,Pristine,SS,1.14,0.3,350.0,3.94,1.8,1.77,0.86,1.1,2.1988,8.1,0.6,25.0
3.1,PA,Pristine,DI,1.14,0.3,350.0,4.12,2.01,2.34,0.98,1.23,2.3946,7.0,0.0,25.0
3.02,PA,Pristine,SS,1.14,0.3,350.0,4.12,2.01,2.34,0.98,1.23,2.3946,8.1,0.6,25.0
2.72,PA,Pristine,DI,1.14,0.3,350.0,2.81,1.97,1.74,1.06,1.63,2.2575,7.0,0.0,25.0
2.77,PA,Pristine,SS,1.14,0.3,350.0,2.81,1.97,1.74,1.06,1.63,2.2575,8.1,0.6,25.0
5.18,PBS,Pristine,DI,1.26,0.04,175.0,4.93,2.81,1.71,0.0,0.28,1.5846,6.0,0.03,25.0
4.28,PBS,Pristine,DI,1.26,0.04,175.0,4.35,2.06,1.29,0.0,0.29,1.4544,6.0,0.03,25.0
2.26,PS,Pristine,DI,1.05,0.19,175.0,2.99,1.6,1.59,0.0,0.29,1.2596,6.0,0.03,25.0
2.81,PBS,Pristine,DI,1.26,0.04,175.0,2.25,1.67,1.26,0.2,0.57,1.1852,6.0,0.03,25.0
1.94,PBS,Pristine,DI,1.26,0.04,175.0,2.82,1.22,1.29,0.17,1.01,1.6196,6.0,0.03,25.0
5.21,PCL,Pristine,DI,1.15,,175.0,4.93,2.81,1.71,0.0,0.28,1.5846,6.0,0.03,25.0
4.56,PCL,Pristine,DI,1.15,,175.0,4.35,2.06,1.29,0.0,0.29,1.4544,6.0,0.03,25.0
2.95,PBS,Pristine,DI,1.26,0.04,175.0,2.99,1.6,1.59,0.0,0.29,1.2596,6.0,0.03,25.0
2.77,PCL,Pristine,DI,1.15,,175.0,2.25,1.67,1.26,0.2,0.57,1.1852,6.0,0.03,25.0
1.82,PCL,Pristine,DI,1.15,,175.0,2.82,1.22,1.29,0.17,1.01,1.6196,6.0,0.03,25.0
3.03,PCL,Pristine,DI,1.15,,175.0,2.99,1.6,1.59,0.0,0.29,1.2596,6.0,0.03,25.0
3.03,PU,Pristine,DI,1.2,0.1,175.0,2.25,1.67,1.26,0.2,0.57,1.1852,6.0,0.03,25.0
1.95,PU,Pristine,DI,1.2,0.1,175.0,2.82,1.22,1.29,0.17,1.01,1.6196,6.0,0.03,25.0
4.11,PS,Pristine,DI,1.05,0.19,175.0,4.93,2.81,1.71,0.0,0.28,1.5846,6.0,0.03,25.0
2.8,PS,Pristine,DI,1.05,0.19,175.0,4.35,2.06,1.29,0.0,0.29,1.4544,6.0,0.03,25.0
3.27,PU,Pristine,DI,1.2,0.1,175.0,2.99,1.6,1.59,0.0,0.29,1.2596,6.0,0.03,25.0
2.79,PS,Pristine,DI,1.05,0.19,175.0,2.25,1.67,1.26,0.2,0.57,1.1852,6.0,0.03,25.0
3.91,PS,Pristine,DI,1.05,19.48,0.055,-0.31,1.98,2.5,0.05,2.39,2.2724,6.0,0.03,25.0
3.95,PS,Pristine,DI,1.05,19.48,0.055,-0.31,1.98,2.5,0.05,2.39,2.2724,6.0,0.03,25.0
0.19,PE,Pristine,DI,0.92,0.3884,94.0,0.0,2.2,2.34,0.7,2.52,2.3047,7.5,0.03,25.0
0.17,PE,Pristine,DI,0.92,0.3884,94.0,-0.31,1.98,2.5,0.05,2.39,2.2724,7.5,0.03,25.0
0.14,PE,Pristine,DI,0.92,0.3884,94.0,2.6,1.84,1.43,0.44,1.31,2.148,7.5,0.03,25.0
-0.73,PE,Pristine,DI,0.92,0.3884,94.0,1.17,1.63,1.64,0.85,2.34,2.4923,7.5,0.03,25.0
-0.56,PE,Pristine,DI,0.92,0.3884,94.0,-1.28,3.7,3.22,1.77,3.35,3.2197,7.5,0.03,25.0
1.66,PE,Pristine,DI,0.92,0.3884,94.0,4.35,2.06,1.29,0.0,0.29,1.4544,7.5,0.03,25.0
2.39,PE,Pristine,DI,0.92,0.3884,94.0,4.35,2.06,1.29,0.0,0.29,1.4544,7.5,0.03,25.0
-0.18,PE,Pristine,DI,0.94,0.3548,94.0,0.0,2.2,2.34,0.7,2.52,2.3047,7.5,0.03,25.0
0.12,PE,Pristine,DI,0.94,0.3548,94.0,-0.31,1.98,2.5,0.05,2.39,2.2724,7.5,0.03,25.0
0.3,PE,Pristine,DI,0.94,0.3548,94.0,2.6,1.84,1.43,0.44,1.31,2.148,7.5,0.03,25.0
-1.02,PE,Pristine,DI,0.94,0.3548,94.0,1.17,1.63,1.64,0.85,2.34,2.4923,7.5,0.03,25.0
-0.72,PE,Pristine,DI,0.94,0.3548,94.0,-0.81,0.72,0.84,0.57,1.02,0.7693,7.5,0.03,25.0
-1.05,PP,Pristine,DI,0.9,0.4836,94.0,0.0,2.2,2.34,0.7,2.52,2.3047,7.5,0.03,25.0
0.19,PP,Pristine,DI,0.9,0.4836,94.0,-0.31,1.98,2.5,0.05,2.39,2.2724,7.5,0.03,25.0
0.33,PP,Pristine,DI,0.9,0.4836,94.0,2.6,1.84,1.43,0.44,1.31,2.148,7.5,0.03,25.0
-0.74,PP,Pristine,DI,0.9,0.4836,94.0,1.17,1.63,1.64,0.85,2.34,2.4923,7.5,0.03,25.0
-1.05,PP,Pristine,DI,0.9,0.4836,94.0,-0.81,0.72,0.84,0.57,1.02,0.7693,7.5,0.03,25.0
0.19,PP,Pristine,DI,0.9,0.4836,94.0,4.35,2.06,1.29,0.0,0.29,1.4544,7.5,0.03,25.0
2.29,PP,Pristine,DI,0.9,0.4836,94.0,4.35,2.06,1.29,0.0,0.29,1.4544,7.5,0.03,25.0
-0.15,PVC,Pristine,DI,1.4,0.6929,94.0,0.0,2.2,2.34,0.7,2.52,2.3047,7.5,0.03,25.0
-0.25,PVC,Pristine,DI,1.4,0.6929,94.0,-0.31,1.98,2.5,0.05,2.39,2.2724,7.5,0.03,25.0
0.26,PVC,Pristine,DI,1.4,0.6929,94.0,2.6,1.84,1.43,0.44,1.31,2.148,7.5,0.03,25.0
-0.85,PVC,Pristine,DI,1.4,0.6929,94.0,1.17,1.63,1.64,0.85,2.34,2.4923,7.5,0.03,25.0
-0.85,PVC,Pristine,DI,1.4,0.6929,94.0,-0.81,0.72,0.84,0.57,1.02,0.7693,7.5,0.03,25.0
-0.85,PVC,Pristine,DI,1.4,0.6929,94.0,-1.28,3.7,3.22,1.77,3.35,3.2197,7.5,0.03,25.0
1.35,PVC,Pristine,DI,1.4,0.6929,94.0,4.35,2.06,1.29,0.0,0.29,1.4544,7.5,0.03,25.0
2.41,PVC,Pristine,DI,1.4,0.6929,94.0,4.35,2.06,1.29,0.0,0.29,1.4544,7.5,0.03,25.0
2.09,PE,Pristine,DI,0.92,,4000.0,6.77,2.32,1.45,0.0,0.34,2.0829,7.0,0.0,25.0
2.36,PE,Pristine,DI,0.92,,4000.0,6.77,2.32,1.45,0.0,0.34,2.0829,7.0,0.0,25.0
2.41,PE,Pristine,DI,0.92,,4000.0,6.77,2.32,1.45,0.0,0.34,2.0829,7.0,0.0,25.0
1.97,PP,Pristine,DI,0.93,0.0004,4000.0,6.77,2.32,1.45,0.0,0.34,2.0829,7.0,0.0,25.0
2.45,PP,Pristine,DI,0.93,0.0004,4000.0,6.77,2.32,1.45,0.0,0.34,2.0829,7.0,0.0,25.0
2.51,PP,Pristine,DI,0.93,0.0004,4000.0,6.77,2.32,1.45,0.0,0.34,2.0829,7.0,0.0,25.0
2.56,PA,Pristine,DI,1.12,0.0017,4000.0,6.77,2.32,1.45,0.0,0.34,2.0829,7.0,0.0,25.0
2.67,PA,Pristine,DI,1.12,0.0017,4000.0,6.77,2.32,1.45,0.0,0.34,2.0829,7.0,0.0,25.0
2.73,PA,Pristine,DI,1.12,0.0017,4000.0,6.77,2.32,1.45,0.0,0.34,2.0829,7.0,0.0,25.0
2.32,PS,Pristine,DI,0.85,0.0054,4000.0,6.77,2.32,1.45,0.0,0.34,2.0829,7.0,0.0,25.0
2.59,PS,Pristine,DI,0.85,0.0054,4000.0,6.77,2.32,1.45,0.0,0.34,2.0829,7.0,0.0,25.0
2.64,PS,Pristine,DI,0.85,0.0054,4000.0,6.77,2.32,1.45,0.0,0.34,2.0829,7.0,0.0,25.0
2.51,PA,Pristine,DI,1.14,,125.0,0.48,1.89,2.23,0.58,1.29,1.7244,7.0,0.0,25.0
1.46,PE,Pristine,DI,0.95,,125.0,0.48,1.89,2.23,0.58,1.29,1.7244,7.0,0.0,25.0
1.49,PS,Pristine,DI,1.05,,125.0,0.48,1.89,2.23,0.58,1.29,1.7244,7.0,0.0,25.0
1.49,PET,Pristine,DI,1.38,,125.0,0.48,1.89,2.23,0.58,1.29,1.7244,7.0,0.0,25.0
1.59,PVC,Pristine,DI,1.4,,125.0,0.48,1.89,2.23,0.58,1.29,1.7244,7.0,0.0,25.0
1.44,PP,Pristine,DI,0.9,,125.0,0.48,1.89,2.23,0.58,1.29,1.7244,7.0,0.0,25.0
2.77,PE,Pristine,DI,0.95,1.0159,161.0,7.2,2.61,2.05,0.78,0.58,2.5643,7.0,0.03,25.0
2.95,PP,Pristine,DI,0.9,0.2218,218.0,7.2,2.61,2.05,0.78,0.58,2.5643,7.0,0.03,25.0
3.38,PS,Pristine,DI,1.05,1.9241,103.0,7.2,2.61,2.05,0.78,0.58,2.5643,7.0,0.03,25.0
3.91,PVC,Pristine,DI,1.4,2.6334,120.0,7.2,2.61,2.05,0.78,0.58,2.5643,7.0,0.03,25.0
0.85,PE,Pristine,SS,0.95,,25.0,3.79,0.73,0.7,0.56,0.79,1.7771,8.1,0.7,25.0
1.18,PE,Pristine,SF,0.95,,25.0,3.79,0.73,0.7,0.56,0.79,1.7771,6.9,0.03,25.0
3.31,PE,Pristine,SF,0.95,,25.0,3.79,0.73,0.7,0.56,0.79,1.7771,2.0,0.03,25.0
1.12,PE,Pristine,SF,0.95,,25.0,3.79,0.73,0.7,0.56,0.79,1.7771,10.0,0.03,25.0
0.82,PE,Pristine,SS,0.95,,25.0,4.02,1.81,1.85,0.55,0.77,2.025,8.1,0.7,25.0
1.49,PE,Pristine,SF,0.95,,25.0,4.02,1.81,1.85,0.55,0.77,2.025,6.9,0.03,25.0
3.44,PE,Pristine,SF,0.95,,25.0,4.02,1.81,1.85,0.55,0.77,2.025,2.0,0.03,25.0
1.07,PE,Pristine,SF,0.95,,25.0,4.02,1.81,1.85,0.55,0.77,2.025,10.0,0.03,25.0
0.18,PE,Pristine,SS,0.95,,25.0,3.1,1.51,2.02,0.6,0.67,1.7821,8.1,0.7,25.0
0.63,PE,Pristine,SF,0.95,,25.0,3.1,1.51,2.02,0.6,0.67,1.7821,6.9,0.03,25.0
2.5,PE,Pristine,SF,0.95,,25.0,3.1,1.51,2.02,0.6,0.67,1.7821,2.0,0.03,25.0
0.51,PE,Pristine,SF,0.95,,25.0,3.1,1.51,2.02,0.6,0.67,1.7821,10.0,0.03,25.0
0.92,PE,Pristine,SS,0.95,,25.0,3.79,0.73,0.7,0.56,0.79,1.7771,8.1,0.7,25.0
1.1,PE,Pristine,SF,0.95,,25.0,3.79,0.73,0.7,0.56,0.79,1.7771,6.9,0.03,25.0
3.25,PE,Pristine,SF,0.95,,25.0,3.79,0.73,0.7,0.56,0.79,1.7771,2.0,0.03,25.0
1.07,PE,Pristine,SF,0.95,,25.0,3.79,0.73,0.7,0.56,0.79,1.7771,10.0,0.03,25.0
0.38,PE,Pristine,SS,0.95,,25.0,4.02,1.81,1.85,0.55,0.77,2.025,8.1,0.7,25.0
1.4,PE,Pristine,SF,0.95,,25.0,4.02,1.81,1.85,0.55,0.77,2.025,6.9,0.03,25.0
3.45,PE,Pristine,SF,0.95,,25.0,4.02,1.81,1.85,0.55,0.77,2.025,2.0,0.03,25.0
1.04,PE,Pristine,SF,0.95,,25.0,4.02,1.81,1.85,0.55,0.77,2.025,10.0,0.03,25.0
-0.24,PE,Pristine,SS,0.95,,25.0,3.1,1.51,2.02,0.6,0.67,1.7821,8.1,0.7,25.0
0.61,PE,Pristine,SF,0.95,,25.0,3.1,1.51,2.02,0.6,0.67,1.7821,6.9,0.03,25.0
2.42,PE,Pristine,SF,0.95,,25.0,3.1,1.51,2.02,0.6,0.67,1.7821,2.0,0.03,25.0
0.09,PE,Pristine,SF,0.95,,25.0,3.1,1.51,2.02,0.6,0.67,1.7821,10.0,0.03,25.0
0.76,PS,Pristine,SS,1.05,,25.0,3.79,0.73,0.7,0.56,0.79,1.7771,8.1,0.7,25.0
0.91,PS,Pristine,SF,1.05,,25.0,3.79,0.73,0.7,0.56,0.79,1.7771,6.9,0.03,25.0
3.16,PS,Pristine,SF,1.05,,25.0,3.79,0.73,0.7,0.56,0.79,1.7771,2.0,0.03,25.0
0.94,PS,Pristine,SF,1.05,,25.0,3.79,0.73,0.7,0.56,0.79,1.7771,10.0,0.03,25.0
0.42,PS,Pristine,SS,1.05,,25.0,4.02,1.81,1.85,0.55,0.77,2.025,8.1,0.7,25.0
1.47,PS,Pristine,SF,1.05,,25.0,4.02,1.81,1.85,0.55,0.77,2.025,6.9,0.03,25.0
3.42,PS,Pristine,SF,1.05,,25.0,4.02,1.81,1.85,0.55,0.77,2.025,2.0,0.03,25.0
1.1,PS,Pristine,SF,1.05,,25.0,4.02,1.81,1.85,0.55,0.77,2.025,10.0,0.03,25.0
0.23,PS,Pristine,SS,1.05,,25.0,3.1,1.51,2.02,0.6,0.67,1.7821,8.1,0.7,25.0
0.4,PS,Pristine,SF,1.05,,25.0,3.1,1.51,2.02,0.6,0.67,1.7821,6.9,0.03,25.0
2.72,PS,Pristine,SF,1.05,,25.0,3.1,1.51,2.02,0.6,0.67,1.7821,2.0,0.03,25.0
0.87,PS,Pristine,SF,1.05,,25.0,3.1,1.51,2.02,0.6,0.67,1.7821,10.0,0.03,25.0
0.18,PP,Pristine,SS,0.9,,25.0,3.79,0.73,0.7,0.56,0.79,1.7771,8.1,0.7,25.0
0.35,PP,Pristine,SF,0.9,,25.0,3.79,0.73,0.7,0.56,0.79,1.7771,6.9,0.03,25.0
2.74,PP,Pristine,SF,0.9,,25.0,3.79,0.73,0.7,0.56,0.79,1.7771,2.0,0.03,25.0
0.61,PP,Pristine,SF,0.9,,25.0,3.79,0.73,0.7,0.56,0.79,1.7771,10.0,0.03,25.0
0.16,PP,Pristine,SS,0.9,,25.0,4.02,1.81,1.85,0.55,0.77,2.025,8.1,0.7,25.0
1.04,PP,Pristine,SF,0.9,,25.0,4.02,1.81,1.85,0.55,0.77,2.025,6.9,0.03,25.0
3.19,PP,Pristine,SF,0.9,,25.0,4.02,1.81,1.85,0.55,0.77,2.025,2.0,0.03,25.0
0.4,PP,Pristine,SF,0.9,,25.0,4.02,1.81,1.85,0.55,0.77,2.025,10.0,0.03,25.0
-0.2,PP,Pristine,SS,0.9,,25.0,3.1,1.51,2.02,0.6,0.67,1.7821,8.1,0.7,25.0
0.23,PP,Pristine,SF,0.9,,25.0,3.1,1.51,2.02,0.6,0.67,1.7821,6.9,0.03,25.0
2.13,PP,Pristine,SF,0.9,,25.0,3.1,1.51,2.02,0.6,0.67,1.7821,2.0,0.03,25.0
0.16,PP,Pristine,SF,0.9,,25.0,3.1,1.51,2.02,0.6,0.67,1.7821,10.0,0.03,25.0
3.1,PBS,Pristine,DI,1.26,0.601,112.5,2.94,1.68,1.79,0.0,1.24,2.1452,7.0,0.03,25.0
2.36,PE,Pristine,DI,0.95,0.553,112.5,2.94,1.68,1.79,0.0,1.24,2.1452,7.0,0.03,25.0
2.32,PVC,Pristine,DI,1.4,0.144,112.5,2.94,1.68,1.79,0.0,1.24,2.1452,7.0,0.03,25.0
3.94,PE,Pristine,SF,0.95,,2500.0,4.35,2.06,1.29,0.0,0.29,1.4544,7.0,0.002,23.0
4.09,PE,Pristine,SS,0.95,,2500.0,4.35,2.06,1.29,0.0,0.29,1.4544,8.1,0.7,23.0
2.39,PP,Pristine,SF,0.9,,2000.0,4.35,2.06,1.29,0.0,0.29,1.4544,7.0,0.002,23.0
2.53,PP,Pristine,SS,0.9,,2000.0,4.35,2.06,1.29,0.0,0.29,1.4544,8.1,0.7,23.0
3.87,POM,Pristine,SF,1.41,,2500.0,4.35,2.06,1.29,0.0,0.29,1.4544,7.0,0.002,23.0
4.02,POM,Pristine,SS,1.41,,2500.0,4.35,2.06,1.29,0.0,0.29,1.4544,8.1,0.7,23.0
-0.04,PP,Pristine,DI,0.9,,4000.0,1.43,0.02,0.28,0.0,0.54,0.8718,7.3,0.014,22.0
0.29,PP,Pristine,DI,0.9,,4000.0,1.92,0.0,0.22,0.0,0.54,1.0127,7.3,0.014,22.0
0.45,PP,Pristine,DI,0.9,,4000.0,2.41,0.0,0.16,0.0,0.61,1.1536,7.3,0.014,22.0
0.77,PP,Pristine,DI,0.9,,4000.0,2.41,0.0,0.16,0.0,0.61,1.1536,7.3,0.014,22.0
1.38,PP,Pristine,DI,0.9,,4000.0,1.99,0.61,0.52,0.0,0.14,0.7164,7.3,0.014,22.0
1.87,PP,Pristine,DI,0.9,,4000.0,2.54,0.6,0.52,0.0,0.14,0.8573,7.3,0.014,22.0
2.25,PP,Pristine,DI,0.9,,4000.0,3.03,0.61,0.51,0.0,0.15,0.9982,7.3,0.014,22.0
2.29,PP,Pristine,DI,0.9,,4000.0,3.09,0.62,0.52,0.0,0.16,0.9982,7.3,0.014,22.0
2.11,PP,Pristine,DI,0.9,,4000.0,3.63,0.66,0.56,0.0,0.16,0.9982,7.3,0.014,22.0
0.57,PP,Aged,DI,0.9,,4000.0,1.43,0.02,0.28,0.0,0.54,0.8718,7.3,0.014,22.0
0.78,PP,Aged,DI,0.9,,4000.0,1.92,0.0,0.22,0.0,0.54,1.0127,7.3,0.014,22.0
0.87,PP,Aged,DI,0.9,,4000.0,2.41,0.0,0.16,0.0,0.61,1.1536,7.3,0.014,22.0
1.15,PP,Aged,DI,0.9,,4000.0,2.41,0.0,0.16,0.0,0.61,1.1536,7.3,0.014,22.0
1.51,PP,Aged,DI,0.9,,4000.0,1.99,0.61,0.52,0.0,0.14,0.7164,7.3,0.014,22.0
1.9,PP,Aged,DI,0.9,,4000.0,2.54,0.6,0.52,0.0,0.14,0.8573,7.3,0.014,22.0
2.23,PP,Aged,DI,0.9,,4000.0,3.03,0.61,0.51,0.0,0.15,0.9982,7.3,0.014,22.0
2.24,PP,Aged,DI,0.9,,4000.0,3.09,0.62,0.52,0.0,0.16,0.9982,7.3,0.014,22.0
2.12,PP,Aged,DI,0.9,,4000.0,3.63,0.66,0.56,0.0,0.16,0.9982,7.3,0.014,22.0
1.03,PS,Pristine,DI,1.05,,3500.0,1.99,0.61,0.52,0.0,0.14,0.7164,7.3,0.014,22.0
1.39,PS,Pristine,DI,1.05,,3500.0,2.54,0.6,0.52,0.0,0.14,0.8573,7.3,0.014,22.0
1.62,PS,Pristine,DI,1.05,,3500.0,3.03,0.61,0.51,0.0,0.15,0.9982,7.3,0.014,22.0
1.57,PS,Pristine,DI,1.05,,3500.0,3.09,0.62,0.52,0.0,0.16,0.9982,7.3,0.014,22.0
1.28,PS,Pristine,DI,1.05,,3500.0,3.63,0.66,0.56,0.0,0.16,0.9982,7.3,0.014,22.0
0.7,PS,Aged,DI,1.05,,3500.0,1.99,0.61,0.52,0.0,0.14,0.7164,7.3,0.014,22.0
1.16,PS,Aged,DI,1.05,,3500.0,2.54,0.6,0.52,0.0,0.14,0.8573,7.3,0.014,22.0
1.42,PS,Aged,DI,1.05,,3500.0,3.03,0.61,0.51,0.0,0.15,0.9982,7.3,0.014,22.0
1.34,PS,Aged,DI,1.05,,3500.0,3.09,0.62,0.52,0.0,0.16,0.9982,7.3,0.014,22.0
1.04,PS,Aged,DI,1.05,,3500.0,3.63,0.66,0.56,0.0,0.16,0.9982,7.3,0.014,22.0
4.1,PS,Pristine,DI,1.05,,10.0,3.17,1.34,0.92,0.0,0.2,1.0854,7.0,0.0001,25.0
3.8,PS,Pristine,DI,1.05,,10.0,2.25,1.67,1.26,0.2,0.57,1.1852,7.0,0.0001,25.0
4.09,PS,Pristine,DI,1.05,,10.0,3.72,1.34,0.94,0.0,0.22,1.2263,7.0,0.0001,25.0
3.94,PS,Pristine,DI,1.05,,10.0,3.05,1.46,1.2,0.65,0.49,1.3007,7.0,0.0001,25.0
3.82,PS,Pristine,DI,1.05,,10.0,2.69,1.52,1.05,0.61,0.37,1.1441,7.0,0.0001,25.0
3.99,PS,Pristine,DI,1.05,,10.0,3.17,1.34,0.92,0.0,0.2,1.0854,7.0,0.0001,25.0
3.82,PS,Pristine,DI,1.05,,10.0,2.25,1.67,1.26,0.2,0.57,1.1852,7.0,0.0001,25.0
4.02,PS,Pristine,DI,1.05,,10.0,3.72,1.34,0.94,0.0,0.22,1.2263,7.0,0.0001,25.0
3.68,PS,Pristine,DI,1.05,,10.0,3.05,1.46,1.2,0.65,0.49,1.3007,7.0,0.0001,25.0
3.68,PS,Pristine,DI,1.05,,10.0,2.69,1.52,1.05,0.61,0.37,1.1441,7.0,0.0001,25.0
3.46,PET,Aged,DI,1.4,,2700.0,1.51,0.81,0.89,0.6,0.3,0.7751,6.98,0.0,25.0
3.24,PS,Aged,DI,1.1,,3100.0,1.51,0.81,0.89,0.6,0.3,0.7751,6.98,0.0,25.0
4.0,PVC,Aged,DI,1.4,,4300.0,1.51,0.81,0.89,0.6,0.3,0.7751,6.98,0.0,25.0
2.89,PP,Aged,DI,0.9,,3400.0,1.51,0.81,0.89,0.6,0.3,0.7751,6.98,0.0,25.0
4.52,PVC,Pristine,DI,1.4,,225.0,4.35,2.06,1.29,0.0,0.29,1.4544,6.0,0.0,18.0
3.36,PVC,Pristine,SS,1.4,,225.0,4.35,2.06,1.29,0.0,0.29,1.4544,8.1,0.15,18.0
4.71,PVC,Pristine,SS,1.4,,225.0,4.35,2.06,1.29,0.0,0.29,1.4544,8.1,0.3,18.0
4.71,PVC,Pristine,SS,1.4,,225.0,4.35,2.06,1.29,0.0,0.29,1.4544,8.1,0.45,18.0
4.56,PVC,Pristine,SS,1.4,,225.0,4.35,2.06,1.29,0.0,0.29,1.4544,8.1,0.7,18.0
8.51,PVC,Pristine,DI,1.4,,225.0,6.79,1.81,1.76,0.0,0.16,2.218,6.0,0.0,18.0
9.17,PVC,Pristine,SS,1.4,,225.0,6.79,1.81,1.76,0.0,0.16,2.218,8.1,0.15,18.0
8.1,PVC,Pristine,SS,1.4,,225.0,6.79,1.81,1.76,0.0,0.16,2.218,8.1,0.3,18.0
6.44,PVC,Pristine,SS,1.4,,225.0,6.79,1.81,1.76,0.0,0.16,2.218,8.1,0.45,18.0
7.01,PVC,Pristine,SS,1.4,,225.0,6.79,1.81,1.76,0.0,0.16,2.218,8.1,0.7,18.0
5.22,PE,Pristine,DI,0.95,,225.0,4.35,2.06,1.29,0.0,0.29,1.4544,6.0,0.0,18.0
5.56,PE,Pristine,SS,0.95,,225.0,4.35,2.06,1.29,0.0,0.29,1.4544,8.1,0.15,18.0
6.14,PE,Pristine,SS,0.95,,225.0,4.35,2.06,1.29,0.0,0.29,1.4544,8.1,0.3,18.0
7.59,PE,Pristine,SS,0.95,,225.0,4.35,2.06,1.29,0.0,0.29,1.4544,8.1,0.45,18.0
6.3,PE,Pristine,SS,0.95,,225.0,4.35,2.06,1.29,0.0,0.29,1.4544,8.1,0.7,18.0
7.47,PE,Pristine,DI,0.95,,225.0,6.79,1.81,1.76,0.0,0.16,2.218,6.0,0.0,18.0
8.18,PE,Pristine,SS,0.95,,225.0,6.79,1.81,1.76,0.0,0.16,2.218,8.1,0.15,18.0
8.1,PE,Pristine,SS,0.95,,225.0,6.79,1.81,1.76,0.0,0.16,2.218,8.1,0.3,18.0
6.47,PE,Pristine,SS,0.95,,225.0,6.79,1.81,1.76,0.0,0.16,2.218,8.1,0.45,18.0
9.48,PE,Pristine,SS,0.95,,225.0,6.79,1.81,1.76,0.0,0.16,2.218,8.1,0.7,18.0
3.38,PE,Pristine,DI,0.96,0.025,530.0,4.35,2.06,1.29,0.0,0.29,1.4544,6.0,0.0,25.0
2.51,PE,Aged,DI,0.96,0.019,530.0,4.35,2.06,1.29,0.0,0.29,1.4544,6.0,0.0,25.0
4.5,PP,Pristine,DI,0.9,0.025,545.0,4.35,2.06,1.29,0.0,0.29,1.4544,6.0,0.0,25.0
4.52,PP,Aged,DI,0.9,0.015,545.0,4.35,2.06,1.29,0.0,0.29,1.4544,6.0,0.0,25.0
0.69,PS,Pristine,DI,1.05,,725.0,1.08,0.96,0.96,0.26,0.41,0.8162,7.0,0.0,25.0
0.81,PS,Pristine,DI,1.05,0.4044,367.5,1.08,0.96,0.96,0.26,0.41,0.8162,7.0,0.0,25.0
0.89,PS,Pristine,DI,1.05,0.3736,242.0,1.08,0.96,0.96,0.26,0.41,0.8162,7.0,0.0,25.0
1.18,PS,Pristine,DI,1.05,0.7214,125.0,1.08,0.96,0.96,0.26,0.41,0.8162,7.0,0.0,25.0
2.46,PLA,Pristine,DI,1.25,,685.23,0.0,2.2,2.34,0.7,2.52,2.3047,7.0,0.0,25.0
2.27,PLA,Aged,DI,1.25,,478.62,0.0,2.2,2.34,0.7,2.52,2.3047,7.0,0.0,25.0
3.22,PLA,Aged,DI,1.25,,478.62,0.0,2.2,2.34,0.7,2.52,2.3047,7.0,0.0,25.0
2.33,PLA,Aged,DI,1.25,,478.62,0.0,2.2,2.34,0.7,2.52,2.3047,7.0,0.0,25.0
2.03,PP,Pristine,DI,0.9,,515.42,0.0,2.2,2.34,0.7,2.52,2.3047,7.0,0.0,25.0
2.09,PP,Aged,DI,0.9,,331.58,0.0,2.2,2.34,0.7,2.52,2.3047,7.0,0.0,25.0
2.11,PP,Aged,DI,0.9,,331.58,0.0,2.2,2.34,0.7,2.52,2.3047,7.0,0.0,25.0
2.76,PP,Aged,DI,0.9,,331.58,0.0,2.2,2.34,0.7,2.52,2.3047,7.0,0.0,25.0
